-- phpMyAdmin SQL Dump
-- version 5.2.1
-- https://www.phpmyadmin.net/
--
-- Host: 127.0.0.1
-- Waktu pembuatan: 30 Jun 2024 pada 20.50
-- Versi server: 10.4.28-MariaDB
-- Versi PHP: 8.2.4

SET SQL_MODE = "NO_AUTO_VALUE_ON_ZERO";
START TRANSACTION;
SET time_zone = "+00:00";


/*!40101 SET @OLD_CHARACTER_SET_CLIENT=@@CHARACTER_SET_CLIENT */;
/*!40101 SET @OLD_CHARACTER_SET_RESULTS=@@CHARACTER_SET_RESULTS */;
/*!40101 SET @OLD_COLLATION_CONNECTION=@@COLLATION_CONNECTION */;
/*!40101 SET NAMES utf8mb4 */;

--
-- Database: `sirese`
--

-- --------------------------------------------------------

--
-- Struktur dari tabel `bobotuser`
--

CREATE TABLE `bobotuser` (
  `id` int(11) UNSIGNED NOT NULL,
  `body` varchar(100) NOT NULL,
  `layar` varchar(100) NOT NULL,
  `system` varchar(100) NOT NULL,
  `memory` varchar(100) NOT NULL,
  `main_camera` varchar(100) NOT NULL,
  `front_camera` varchar(100) NOT NULL,
  `battery` varchar(100) NOT NULL,
  `harga` varchar(100) NOT NULL,
  `harga_min` varchar(100) DEFAULT NULL,
  `harga_max` varchar(100) DEFAULT NULL,
  `created_at` datetime DEFAULT NULL,
  `updated_at` datetime DEFAULT NULL
) ENGINE=InnoDB DEFAULT CHARSET=utf8 COLLATE=utf8_general_ci;

--
-- Dumping data untuk tabel `bobotuser`
--

INSERT INTO `bobotuser` (`id`, `body`, `layar`, `system`, `memory`, `main_camera`, `front_camera`, `battery`, `harga`, `harga_min`, `harga_max`, `created_at`, `updated_at`) VALUES
(1, '0', '0', '0', '0', '0', '0', '0', '10', '0', '31999000', '2024-06-19 11:50:43', '2024-06-19 11:50:43'),
(2, '0', '0', '0', '0', '0', '0', '0', '60', '0', '31999000', '2024-06-19 20:59:12', '2024-06-19 20:59:12'),
(3, '0', '0', '0', '0', '0', '0', '65', '82', '0', '31999000', '2024-06-19 21:00:37', '2024-06-19 21:00:37'),
(4, '0', '0', '0', '0', '0', '0', '0', '100', '0', '31999000', '2024-06-19 21:21:00', '2024-06-19 21:21:00'),
(5, '71', '76', '55', '58', '53', '74', '70', '60', '0', '31999000', '2024-06-19 21:21:30', '2024-06-19 21:21:30'),
(6, '0', '0', '0', '0', '0', '0', '0', '44', '0', '31999000', '2024-06-21 14:41:29', '2024-06-21 14:41:29'),
(7, '12', '0', '0', '0', '0', '0', '0', '0', '0', '31999000', '2024-06-21 14:41:55', '2024-06-21 14:41:55'),
(8, '75', '52', '0', '0', '0', '0', '0', '0', '0', '31999000', '2024-06-21 15:11:57', '2024-06-21 15:11:57'),
(9, '65', '100', '53', '0', '0', '0', '81', '0', '0', '31999000', '2024-06-21 15:13:14', '2024-06-21 15:13:14'),
(10, '90', '100', '100', '90', '10', '10', '100', '100', '0', '31999000', '2024-06-23 18:52:27', '2024-06-23 18:52:27'),
(11, '0', '100', '0', '0', '0', '0', '0', '0', '0', '31999000', '2024-06-23 21:16:55', '2024-06-23 21:16:55'),
(12, '0', '0', '0', '0', '0', '0', '0', '1', '0', '31999000', '2024-06-26 15:11:58', '2024-06-26 15:11:58'),
(13, '10', '10', '10', '90', '10', '10', '80', '100', '0', '31999000', '2024-06-30 20:22:34', '2024-06-30 20:22:34');

-- --------------------------------------------------------

--
-- Struktur dari tabel `konversi`
--

CREATE TABLE `konversi` (
  `id` int(11) UNSIGNED NOT NULL,
  `kriteria` varchar(255) NOT NULL,
  `sub_kriteria` varchar(255) NOT NULL,
  `konversi` varchar(255) NOT NULL,
  `nilai` int(255) NOT NULL,
  `created_at` datetime DEFAULT NULL,
  `updated_at` datetime DEFAULT NULL
) ENGINE=InnoDB DEFAULT CHARSET=utf8 COLLATE=utf8_general_ci;

--
-- Dumping data untuk tabel `konversi`
--

INSERT INTO `konversi` (`id`, `kriteria`, `sub_kriteria`, `konversi`, `nilai`, `created_at`, `updated_at`) VALUES
(601, 'body', 'build', 'alumunium frame', 80, '2024-06-25 17:45:05', '2024-06-25 17:45:05'),
(602, 'body', 'build', 'plastic back', 10, '2024-06-25 17:45:05', '2024-06-25 17:45:05'),
(603, 'body', 'build', 'glass back', 70, '2024-06-25 17:45:05', '2024-06-25 17:45:05'),
(604, 'body', 'build', 'titanium frame', 100, '2024-06-25 17:45:05', '2024-06-25 17:45:05'),
(605, 'body', 'build', 'plastic frame', 10, '2024-06-25 17:45:05', '2024-06-25 17:45:05'),
(606, 'body', 'build', 'silicone polymer back', 40, '2024-06-25 17:45:05', '2024-06-25 17:45:05'),
(607, 'body', 'build', ' plastic frame', 10, '2024-06-25 17:45:05', '2024-06-25 17:45:05'),
(608, 'body', 'build', ' plastic frame', 10, '2024-06-25 17:45:05', '2024-06-25 17:45:05'),
(609, 'lcd', 'lcd_type', 'super amoled', 70, '2024-06-25 17:47:15', '2024-06-25 17:47:15'),
(610, 'lcd', 'lcd_type', 'amoled', 65, '2024-06-25 17:47:15', '2024-06-25 17:47:15'),
(611, 'lcd', 'lcd_type', 'ltpo amoled', 75, '2024-06-25 17:47:15', '2024-06-25 17:47:15'),
(612, 'lcd', 'lcd_type', 'super retina xdr oled', 100, '2024-06-25 17:47:15', '2024-06-25 17:47:15'),
(614, 'lcd', 'lcd_type', 'dynamic ltpo amoled ', 85, '2024-06-25 17:47:15', '2024-06-25 17:47:15'),
(615, 'lcd', 'lcd_type', 'dynamic amoled', 80, '2024-06-25 17:47:15', '2024-06-25 17:47:15'),
(616, 'lcd', 'lcd_type', 'pls lcd', 40, '2024-06-25 17:47:15', '2024-06-25 17:47:15'),
(617, 'lcd', 'lcd_type', 'ltpo oled', 60, '2024-06-25 17:47:15', '2024-06-25 17:47:15'),
(618, 'lcd', 'lcd_type', 'ips', 30, '2024-06-25 17:47:15', '2024-06-25 17:47:15'),
(619, 'lcd', 'lcd_type', 'ltpo3 oled', 60, '2024-06-25 17:47:15', '2024-06-25 17:47:15'),
(620, 'body', 'dimensi', '90507.0936', 20, '2024-06-25 17:48:17', '2024-06-25 17:48:17'),
(621, 'body', 'dimensi', '102181.8952', 40, '2024-06-25 17:48:17', '2024-06-25 17:48:17'),
(622, 'body', 'dimensi', '113856.6968', 60, '2024-06-25 17:48:17', '2024-06-25 17:48:17'),
(623, 'body', 'dimensi', '125531.4984', 80, '2024-06-25 17:48:17', '2024-06-25 17:48:17'),
(628, 'body', 'berat', '184.2', 20, '2024-06-25 17:51:36', '2024-06-25 17:51:36'),
(629, 'body', 'berat', '201.4', 40, '2024-06-25 17:51:36', '2024-06-25 17:51:36'),
(630, 'body', 'berat', '218.6', 60, '2024-06-25 17:51:36', '2024-06-25 17:51:36'),
(631, 'body', 'berat', '235.8', 80, '2024-06-25 17:51:36', '2024-06-25 17:51:36'),
(632, 'lcd', 'lcd_resolusi', '2028384', 20, '2024-06-25 18:03:49', '2024-06-25 18:03:49'),
(633, 'lcd', 'lcd_resolusi', '2904768', 40, '2024-06-25 18:03:49', '2024-06-25 18:03:49'),
(634, 'lcd', 'lcd_resolusi', '3781152', 60, '2024-06-25 18:03:49', '2024-06-25 18:03:49'),
(635, 'lcd', 'lcd_resolusi', '4657536', 80, '2024-06-25 18:03:49', '2024-06-25 18:03:49'),
(636, 'lcd', 'lcd_size', '100.3', 70, '2024-06-25 18:03:49', '2024-06-25 18:03:49'),
(637, 'lcd', 'lcd_size', '100.2', 80, '2024-06-25 18:03:49', '2024-06-25 18:03:49'),
(638, 'lcd', 'lcd_size', '100', 80, '2024-06-25 18:03:49', '2024-06-25 18:03:49'),
(639, 'lcd', 'lcd_size', '99.9', 10, '2024-06-25 18:03:49', '2024-06-25 18:03:49'),
(640, 'lcd', 'lcd_size', '99.7', 20, '2024-06-25 18:03:49', '2024-06-25 18:03:49'),
(641, 'lcd', 'lcd_size', '99.5', 30, '2024-06-25 18:03:49', '2024-06-25 18:03:49'),
(642, 'lcd', 'lcd_size', '99.4', 40, '2024-06-25 18:03:49', '2024-06-25 18:03:49'),
(643, 'lcd', 'lcd_size', '99.2', 50, '2024-06-25 18:03:49', '2024-06-25 18:03:49'),
(644, 'lcd', 'lcd_size', '99.1', 60, '2024-06-25 18:03:49', '2024-06-25 18:03:49'),
(645, 'sistem', 'os', 'android 13', 60, '2024-06-25 18:03:49', '2024-06-25 18:03:49'),
(646, 'sistem', 'os', 'android 14', 90, '2024-06-25 18:03:49', '2024-06-25 18:03:49'),
(647, 'sistem', 'os', 'ios 17', 100, '2024-06-25 18:03:49', '2024-06-25 18:03:49'),
(648, 'sistem', 'os', 'android 12', 40, '2024-06-25 18:03:49', '2024-06-25 18:03:49'),
(649, 'sistem', 'os', 'andorid 13', 60, '2024-06-25 18:03:49', '2024-06-25 18:03:49'),
(650, 'sistem', 'chipset', 'snapdragon 8 gen 2', 84, '2024-06-25 18:03:49', '2024-06-25 18:03:49'),
(651, 'sistem', 'chipset', 'snapdragon 8 gen 3', 88, '2024-06-25 18:03:49', '2024-06-25 18:03:49'),
(652, 'sistem', 'chipset', 'apple a17 pro', 78, '2024-06-25 18:03:49', '2024-06-25 18:03:49'),
(653, 'sistem', 'chipset', 'apple a16 bionic', 78, '2024-06-25 18:03:49', '2024-06-25 18:03:49'),
(654, 'sistem', 'chipset', 'exynos 2200', 90, '2024-06-25 18:03:49', '2024-06-25 18:03:49'),
(655, 'sistem', 'chipset', 'snapdragon 680 4g', 57, '2024-06-25 18:03:49', '2024-06-25 18:03:49'),
(656, 'sistem', 'chipset', 'mediatek dimensity 6100+', 65, '2024-06-25 18:03:49', '2024-06-25 18:03:49'),
(657, 'sistem', 'chipset', 'exynos 1280', 64, '2024-06-25 18:03:49', '2024-06-25 18:03:49'),
(658, 'sistem', 'chipset', 'mediatek helio g99', 61, '2024-06-25 18:03:49', '2024-06-25 18:03:49'),
(659, 'sistem', 'chipset', 'helio g85', 58, '2024-06-25 18:03:49', '2024-06-25 18:03:49'),
(660, 'sistem', 'chipset', 'exynos 1380', 64, '2024-06-25 18:03:49', '2024-06-25 18:03:49'),
(661, 'sistem', 'chipset', 'mediatek dimensity 8200 ultra', 81, '2024-06-25 18:03:49', '2024-06-25 18:03:49'),
(662, 'sistem', 'chipset', 'mediatek helio g36', 57, '2024-06-25 18:03:49', '2024-06-25 18:03:49'),
(663, 'sistem', 'chipset', 'helio g88', 61, '2024-06-25 18:03:49', '2024-06-25 18:03:49'),
(664, 'sistem', 'chipset', 'snapdragon 7s gen 2', 78, '2024-06-25 18:03:49', '2024-06-25 18:03:49'),
(665, 'sistem', 'chipset', 'snapdragon 695 5g', 72, '2024-06-25 18:03:49', '2024-06-25 18:03:49'),
(666, 'sistem', 'chipset', 'mediatek dimensity 1080', 72, '2024-06-25 18:03:49', '2024-06-25 18:03:49'),
(667, 'sistem', 'chipset', 'mediatek mt6769h helio g88', 61, '2024-06-25 18:03:49', '2024-06-25 18:03:49'),
(668, 'sistem', 'chipset', 'unisoc tiger t612', 45, '2024-06-25 18:03:49', '2024-06-25 18:03:49'),
(669, 'sistem', 'chipset', 'mediatek dimensity 7050', 73, '2024-06-25 18:03:49', '2024-06-25 18:03:49'),
(670, 'sistem', 'chipset', 'mediatek dimensity 9200', 83, '2024-06-25 18:03:49', '2024-06-25 18:03:49'),
(671, 'sistem', 'chipset', 'mediatek dimensity 8200', 81, '2024-06-25 18:03:49', '2024-06-25 18:03:49'),
(672, 'sistem', 'chipset', 'mediatek dimensity 6020', 57, '2024-06-25 18:03:49', '2024-06-25 18:03:49'),
(673, 'sistem', 'chipset', 'mediatek dimensity 9300', 97, '2024-06-25 18:03:49', '2024-06-25 18:03:49'),
(674, 'sistem', 'chipset', 'snapdragon 4 gen 2', 65, '2024-06-25 18:03:49', '2024-06-25 18:03:49'),
(675, 'sistem', 'chipset', 'snapdragon 685', 64, '2024-06-25 18:03:49', '2024-06-25 18:03:49'),
(676, 'sistem', 'chipset', 'mediatek mt6769 helio g85', 58, '2024-06-25 18:03:49', '2024-06-25 18:03:49'),
(677, 'sistem', 'chipset', 'snapdragon 778g 5g', 67, '2024-06-25 18:03:49', '2024-06-25 18:03:49'),
(678, 'sistem', 'chipset', 'mediatek mt6765 helio p35', 56, '2024-06-25 18:03:49', '2024-06-25 18:03:49'),
(679, 'sistem', 'chipset', 'snapdragon 7+ gen 2', 81, '2024-06-25 18:03:49', '2024-06-25 18:03:49'),
(680, 'sistem', 'chipset', 'unisoc t606', 46, '2024-06-25 18:03:49', '2024-06-25 18:03:49'),
(681, 'sistem', 'chipset', 'mediatek dimensity 8050', 70, '2024-06-25 18:03:49', '2024-06-25 18:03:49'),
(682, 'sistem', 'cpu', 'octa-core', 80, '2024-06-25 18:03:49', '2024-06-25 18:03:49'),
(683, 'sistem', 'cpu', 'hexa-core', 60, '2024-06-25 18:03:49', '2024-06-25 18:03:49'),
(684, 'sistem', 'cpu', 'deca-core', 100, '2024-06-25 18:03:49', '2024-06-25 18:03:49'),
(685, 'memori', 'ram', '8', 30, '2024-06-25 18:03:49', '2024-06-25 18:03:49'),
(686, 'memori', 'ram', '16', 70, '2024-06-25 18:03:49', '2024-06-25 18:03:49'),
(687, 'memori', 'ram', '12', 50, '2024-06-25 18:03:49', '2024-06-25 18:03:49'),
(688, 'memori', 'ram', '6', 40, '2024-06-25 18:03:49', '2024-06-25 18:03:49'),
(689, 'memori', 'ram', '4', 10, '2024-06-25 18:03:49', '2024-06-25 18:03:49'),
(690, 'memori', 'rom', '128', 40, '2024-06-25 18:03:49', '2024-06-25 18:03:49'),
(691, 'memori', 'rom', '512', 80, '2024-06-25 18:03:49', '2024-06-25 18:03:49'),
(692, 'memori', 'rom', '256', 60, '2024-06-25 18:03:49', '2024-06-25 18:03:49'),
(693, 'memori', 'rom', '1000', 100, '2024-06-25 18:03:49', '2024-06-25 18:03:49'),
(694, 'memori', 'rom', '64', 70, '2024-06-25 18:03:49', '2024-06-25 18:03:49'),
(695, 'main_camera', 'main_camera', '50', 100, '2024-06-25 18:03:49', '2024-06-25 18:03:49'),
(696, 'main_camera', 'main_camera', '48', 40, '2024-06-25 18:03:49', '2024-06-25 18:03:49'),
(697, 'main_camera', 'main_camera', '200', 100, '2024-06-25 18:03:49', '2024-06-25 18:03:49'),
(698, 'main_camera', 'main_camera', '12', 50, '2024-06-25 18:03:49', '2024-06-25 18:03:49'),
(699, 'main_camera', 'main_camera', '108', 90, '2024-06-25 18:03:49', '2024-06-25 18:03:49'),
(700, 'main_camera', 'main_camera', '8', 30, '2024-06-25 18:03:49', '2024-06-25 18:03:49'),
(701, 'main_camera', 'main_camera', '64', 70, '2024-06-25 18:03:49', '2024-06-25 18:03:49'),
(702, 'main_camera', 'main_camera', '100', 80, '2024-06-25 18:03:49', '2024-06-25 18:03:49'),
(703, 'main_camera', 'main_camera', '13', 60, '2024-06-25 18:03:49', '2024-06-25 18:03:49'),
(704, 'main_camera', 'main_camera', '62', 60, '2024-06-25 18:03:49', '2024-06-25 18:03:49'),
(705, 'main_camera', 'main_type', 'dual', 20, '2024-06-25 18:03:49', '2024-06-25 18:03:49'),
(706, 'main_camera', 'main_type', 'triple', 40, '2024-06-25 18:03:49', '2024-06-25 18:03:49'),
(707, 'main_camera', 'main_type', 'quad', 80, '2024-06-25 18:03:49', '2024-06-25 18:03:49'),
(708, 'main_camera', 'main_type', 'singgle', 10, '2024-06-25 18:03:49', '2024-06-25 18:03:49'),
(709, 'main_camera', 'main_video', '8k 24fps', 75, '2024-06-25 18:03:49', '2024-06-25 18:03:49'),
(710, 'main_camera', 'main_video', ' 4k 30/60fps', 60, '2024-06-25 18:03:49', '2024-06-25 18:03:49'),
(711, 'main_camera', 'main_video', ' 1080p 30/60/120/240fps', 50, '2024-06-25 18:03:49', '2024-06-25 18:03:49'),
(712, 'main_camera', 'main_video', '4k 24/25/30/60fps', 90, '2024-06-25 18:03:49', '2024-06-25 18:03:49'),
(713, 'main_camera', 'main_video', '8k 24/30fps', 90, '2024-06-25 18:03:49', '2024-06-25 18:03:49'),
(714, 'main_camera', 'main_video', ' 4k 30/60/120fps', 70, '2024-06-25 18:03:49', '2024-06-25 18:03:49'),
(715, 'main_camera', 'main_video', ' 1080p 30/60/240fps', 40, '2024-06-25 18:03:49', '2024-06-25 18:03:49'),
(716, 'main_camera', 'main_video', ' 1080p 960fps', 60, '2024-06-25 18:03:49', '2024-06-25 18:03:49'),
(717, 'main_camera', 'main_video', '4k 30/60fps', 70, '2024-06-25 18:03:49', '2024-06-25 18:03:49'),
(718, 'main_camera', 'main_video', ' 1080p 60/240fps', 30, '2024-06-25 18:03:49', '2024-06-25 18:03:49'),
(719, 'main_camera', 'main_video', ' 720p 960fps', 20, '2024-06-25 18:03:49', '2024-06-25 18:03:49'),
(720, 'main_camera', 'main_video', '8k 30fps', 80, '2024-06-25 18:03:49', '2024-06-25 18:03:49'),
(721, 'main_camera', 'main_video', ' 4k 60fps', 40, '2024-06-25 18:03:49', '2024-06-25 18:03:49'),
(722, 'main_camera', 'main_video', '1080p 30/60fps', 20, '2024-06-25 18:03:49', '2024-06-25 18:03:49'),
(723, 'main_camera', 'main_video', '1080p 30fps', 10, '2024-06-25 18:03:49', '2024-06-25 18:03:49'),
(724, 'main_camera', 'main_video', '4k 30fps', 50, '2024-06-25 18:03:49', '2024-06-25 18:03:49'),
(725, 'main_camera', 'main_video', ' 1080p 30fps', 10, '2024-06-25 18:03:49', '2024-06-25 18:03:49'),
(726, 'main_camera', 'main_video', ' 1080p 30/60fps', 20, '2024-06-25 18:03:49', '2024-06-25 18:03:49'),
(727, 'main_camera', 'main_video', ' 4k 24/30/60fps', 70, '2024-06-25 18:03:49', '2024-06-25 18:03:49'),
(728, 'main_camera', 'main_video', ' 1080p 30/60/120/240/960fps', 60, '2024-06-25 18:03:49', '2024-06-25 18:03:49'),
(729, 'main_camera', 'main_video', ' 720p 1920fps', 30, '2024-06-25 18:03:49', '2024-06-25 18:03:49'),
(730, 'main_camera', 'main_video', ' 1080p 30/60/120fps', 40, '2024-06-25 18:03:49', '2024-06-25 18:03:49'),
(731, 'main_camera', 'main_video', ' 1080p 30/60/120/480fps', 50, '2024-06-25 18:03:49', '2024-06-25 18:03:49'),
(732, 'main_camera', 'main_video', '1440p 30fps', 10, '2024-06-25 18:03:49', '2024-06-25 18:03:49'),
(733, 'front_camera', 'front_camera', '32', 90, '2024-06-25 18:03:49', '2024-06-25 18:03:49'),
(734, 'front_camera', 'front_camera', '12', 50, '2024-06-25 18:03:49', '2024-06-25 18:03:49'),
(735, 'front_camera', 'front_camera', '10', 40, '2024-06-25 18:03:49', '2024-06-25 18:03:49'),
(736, 'front_camera', 'front_camera', '4', 10, '2024-06-25 18:03:49', '2024-06-25 18:03:49'),
(737, 'front_camera', 'front_camera', '13', 60, '2024-06-25 18:03:49', '2024-06-25 18:03:49'),
(738, 'front_camera', 'front_camera', '8', 30, '2024-06-25 18:03:49', '2024-06-25 18:03:49'),
(739, 'front_camera', 'front_camera', '20', 80, '2024-06-25 18:03:49', '2024-06-25 18:03:49'),
(740, 'front_camera', 'front_camera', '5', 20, '2024-06-25 18:03:49', '2024-06-25 18:03:49'),
(741, 'front_camera', 'front_camera', '16', 70, '2024-06-25 18:03:49', '2024-06-25 18:03:49'),
(742, 'front_camera', 'front_camera', '50', 100, '2024-06-25 18:03:49', '2024-06-25 18:03:49'),
(744, 'front_camera', 'front_video', '1080p 30fps', 10, '2024-06-25 18:03:49', '2024-06-25 18:03:49'),
(745, 'front_camera', 'front_video', '4k 24/25/30/60fps', 90, '2024-06-25 18:03:49', '2024-06-25 18:03:49'),
(746, 'front_camera', 'front_video', ' 1080p 30/60/120/240fps', 50, '2024-06-25 18:03:49', '2024-06-25 18:03:49'),
(747, 'front_camera', 'front_video', ' 1080p 30/60/120fps', 40, '2024-06-25 18:03:49', '2024-06-25 18:03:49'),
(748, 'front_camera', 'front_video', '4k 30/60fps', 70, '2024-06-25 18:03:49', '2024-06-25 18:03:49'),
(749, 'front_camera', 'front_video', ' 1080p 30fps', 10, '2024-06-25 18:03:49', '2024-06-25 18:03:49'),
(750, 'front_camera', 'front_video', ' 1080p 30/60fps', 20, '2024-06-25 18:03:49', '2024-06-25 18:03:49'),
(751, 'front_camera', 'front_video', '4k 30fps', 50, '2024-06-25 18:03:49', '2024-06-25 18:03:49'),
(752, 'front_camera', 'front_video', 'null', 1, '2024-06-25 18:03:49', '2024-06-25 18:03:49'),
(753, 'front_camera', 'front_video', '1080p 30/60fps', 20, '2024-06-25 18:03:49', '2024-06-25 18:03:49'),
(754, 'front_camera', 'front_video', '720p 30fps', 5, '2024-06-25 18:03:49', '2024-06-25 18:03:49'),
(755, 'battery', 'usb', 'usb type-c 2.0', 40, '2024-06-25 18:03:49', '2024-06-25 18:03:49'),
(756, 'battery', 'usb', 'usb type-c 3.1', 50, '2024-06-25 18:03:49', '2024-06-25 18:03:49'),
(757, 'battery', 'usb', 'usb type-c 3.2 gen 2', 100, '2024-06-25 18:03:49', '2024-06-25 18:03:49'),
(758, 'battery', 'usb', 'usb type-c 3.2 gen 1', 70, '2024-06-25 18:03:49', '2024-06-25 18:03:49'),
(759, 'battery', 'usb', 'usb type-c 3.2', 70, '2024-06-25 18:03:49', '2024-06-25 18:03:49'),
(760, 'battery', 'usb', 'microusb 2.0', 10, '2024-06-25 18:03:49', '2024-06-25 18:03:49'),
(761, 'battery', 'battery_capacity', '3819.2', 20, '2024-06-25 18:03:49', '2024-06-25 18:03:49'),
(762, 'battery', 'battery_capacity', '4364.4', 40, '2024-06-25 18:03:49', '2024-06-25 18:03:49'),
(763, 'battery', 'battery_capacity', '4909.6', 60, '2024-06-25 18:03:49', '2024-06-25 18:03:49'),
(764, 'battery', 'battery_capacity', '5454.8', 80, '2024-06-25 18:03:49', '2024-06-25 18:03:49'),
(765, 'harga', 'harga', '1458490', 1, '2024-06-25 18:03:49', '2024-06-25 18:03:49'),
(766, 'harga', 'harga', '1766980', 2, '2024-06-25 18:03:49', '2024-06-25 18:03:49'),
(767, 'harga', 'harga', '2075470', 3, '2024-06-25 18:03:49', '2024-06-25 18:03:49'),
(768, 'harga', 'harga', '2383960', 4, '2024-06-25 18:03:49', '2024-06-25 18:03:49'),
(769, 'harga', 'harga', '2692450', 5, '2024-06-25 18:03:49', '2024-06-25 18:03:49'),
(770, 'harga', 'harga', '3000940', 6, '2024-06-25 18:03:49', '2024-06-25 18:03:49'),
(771, 'harga', 'harga', '3309430', 7, '2024-06-25 18:03:49', '2024-06-25 18:03:49'),
(772, 'harga', 'harga', '3617920', 8, '2024-06-25 18:03:49', '2024-06-25 18:03:49'),
(773, 'harga', 'harga', '3926410', 9, '2024-06-25 18:03:49', '2024-06-25 18:03:49'),
(774, 'harga', 'harga', '4234900', 10, '2024-06-25 18:03:49', '2024-06-25 18:03:49'),
(775, 'harga', 'harga', '4543390', 11, '2024-06-25 18:03:49', '2024-06-25 18:03:49'),
(776, 'harga', 'harga', '4851880', 12, '2024-06-25 18:03:49', '2024-06-25 18:03:49'),
(777, 'harga', 'harga', '5160370', 13, '2024-06-25 18:03:49', '2024-06-25 18:03:49'),
(778, 'harga', 'harga', '5468860', 14, '2024-06-25 18:03:49', '2024-06-25 18:03:49'),
(779, 'harga', 'harga', '5777350', 15, '2024-06-25 18:03:49', '2024-06-25 18:03:49'),
(780, 'harga', 'harga', '6085840', 16, '2024-06-25 18:03:49', '2024-06-25 18:03:49'),
(781, 'harga', 'harga', '6394330', 17, '2024-06-25 18:03:49', '2024-06-25 18:03:49'),
(782, 'harga', 'harga', '6702820', 18, '2024-06-25 18:03:49', '2024-06-25 18:03:49'),
(783, 'harga', 'harga', '7011310', 19, '2024-06-25 18:03:49', '2024-06-25 18:03:49'),
(784, 'harga', 'harga', '7319800', 20, '2024-06-25 18:03:49', '2024-06-25 18:03:49'),
(785, 'harga', 'harga', '7628290', 21, '2024-06-25 18:03:49', '2024-06-25 18:03:49'),
(786, 'harga', 'harga', '7936780', 22, '2024-06-25 18:03:49', '2024-06-25 18:03:49'),
(787, 'harga', 'harga', '8245270', 23, '2024-06-25 18:03:49', '2024-06-25 18:03:49'),
(788, 'harga', 'harga', '8553760', 24, '2024-06-25 18:03:49', '2024-06-25 18:03:49'),
(789, 'harga', 'harga', '8862250', 25, '2024-06-25 18:03:49', '2024-06-25 18:03:49'),
(790, 'harga', 'harga', '9170740', 26, '2024-06-25 18:03:49', '2024-06-25 18:03:49'),
(791, 'harga', 'harga', '9479230', 27, '2024-06-25 18:03:49', '2024-06-25 18:03:49'),
(792, 'harga', 'harga', '9787720', 28, '2024-06-25 18:03:49', '2024-06-25 18:03:49'),
(793, 'harga', 'harga', '10096210', 29, '2024-06-25 18:03:49', '2024-06-25 18:03:49'),
(794, 'harga', 'harga', '10404700', 30, '2024-06-25 18:03:49', '2024-06-25 18:03:49'),
(795, 'harga', 'harga', '10713190', 31, '2024-06-25 18:03:49', '2024-06-25 18:03:49'),
(796, 'harga', 'harga', '11021680', 32, '2024-06-25 18:03:49', '2024-06-25 18:03:49'),
(797, 'harga', 'harga', '11330170', 33, '2024-06-25 18:03:49', '2024-06-25 18:03:49'),
(798, 'harga', 'harga', '11638660', 34, '2024-06-25 18:03:49', '2024-06-25 18:03:49'),
(799, 'harga', 'harga', '11947150', 35, '2024-06-25 18:03:49', '2024-06-25 18:03:49'),
(800, 'harga', 'harga', '12255640', 36, '2024-06-25 18:03:49', '2024-06-25 18:03:49'),
(801, 'harga', 'harga', '12564130', 37, '2024-06-25 18:03:49', '2024-06-25 18:03:49'),
(802, 'harga', 'harga', '12872620', 38, '2024-06-25 18:03:49', '2024-06-25 18:03:49'),
(803, 'harga', 'harga', '13181110', 39, '2024-06-25 18:03:49', '2024-06-25 18:03:49'),
(804, 'harga', 'harga', '13489600', 40, '2024-06-25 18:03:49', '2024-06-25 18:03:49'),
(805, 'harga', 'harga', '13798090', 41, '2024-06-25 18:03:49', '2024-06-25 18:03:49'),
(806, 'harga', 'harga', '14106580', 42, '2024-06-25 18:03:49', '2024-06-25 18:03:49'),
(807, 'harga', 'harga', '14415070', 43, '2024-06-25 18:03:49', '2024-06-25 18:03:49'),
(808, 'harga', 'harga', '14723560', 44, '2024-06-25 18:03:49', '2024-06-25 18:03:49'),
(809, 'harga', 'harga', '15032050', 45, '2024-06-25 18:03:49', '2024-06-25 18:03:49'),
(810, 'harga', 'harga', '15340540', 46, '2024-06-25 18:03:49', '2024-06-25 18:03:49'),
(811, 'harga', 'harga', '15649030', 47, '2024-06-25 18:03:49', '2024-06-25 18:03:49'),
(812, 'harga', 'harga', '15957520', 48, '2024-06-25 18:03:49', '2024-06-25 18:03:49'),
(813, 'harga', 'harga', '16266010', 49, '2024-06-25 18:03:49', '2024-06-25 18:03:49'),
(814, 'harga', 'harga', '16574500', 50, '2024-06-25 18:03:49', '2024-06-25 18:03:49'),
(815, 'harga', 'harga', '16882990', 51, '2024-06-25 18:03:49', '2024-06-25 18:03:49'),
(816, 'harga', 'harga', '17191480', 52, '2024-06-25 18:03:49', '2024-06-25 18:03:49'),
(817, 'harga', 'harga', '17499970', 53, '2024-06-25 18:03:49', '2024-06-25 18:03:49'),
(818, 'harga', 'harga', '17808460', 54, '2024-06-25 18:03:49', '2024-06-25 18:03:49'),
(819, 'harga', 'harga', '18116950', 55, '2024-06-25 18:03:49', '2024-06-25 18:03:49'),
(820, 'harga', 'harga', '18425440', 56, '2024-06-25 18:03:49', '2024-06-25 18:03:49'),
(821, 'harga', 'harga', '18733930', 57, '2024-06-25 18:03:49', '2024-06-25 18:03:49'),
(822, 'harga', 'harga', '19042420', 58, '2024-06-25 18:03:49', '2024-06-25 18:03:49'),
(823, 'harga', 'harga', '19350910', 59, '2024-06-25 18:03:49', '2024-06-25 18:03:49'),
(824, 'harga', 'harga', '19659400', 60, '2024-06-25 18:03:49', '2024-06-25 18:03:49'),
(825, 'harga', 'harga', '19967890', 61, '2024-06-25 18:03:49', '2024-06-25 18:03:49'),
(826, 'harga', 'harga', '20276380', 62, '2024-06-25 18:03:49', '2024-06-25 18:03:49'),
(827, 'harga', 'harga', '20584870', 63, '2024-06-25 18:03:49', '2024-06-25 18:03:49'),
(828, 'harga', 'harga', '20893360', 64, '2024-06-25 18:03:49', '2024-06-25 18:03:49'),
(829, 'harga', 'harga', '21201850', 65, '2024-06-25 18:03:49', '2024-06-25 18:03:49'),
(830, 'harga', 'harga', '21510340', 66, '2024-06-25 18:03:49', '2024-06-25 18:03:49'),
(831, 'harga', 'harga', '21818830', 67, '2024-06-25 18:03:49', '2024-06-25 18:03:49'),
(832, 'harga', 'harga', '22127320', 68, '2024-06-25 18:03:49', '2024-06-25 18:03:49'),
(833, 'harga', 'harga', '22435810', 69, '2024-06-25 18:03:49', '2024-06-25 18:03:49'),
(834, 'harga', 'harga', '22744300', 70, '2024-06-25 18:03:49', '2024-06-25 18:03:49'),
(835, 'harga', 'harga', '23052790', 71, '2024-06-25 18:03:49', '2024-06-25 18:03:49'),
(836, 'harga', 'harga', '23361280', 72, '2024-06-25 18:03:49', '2024-06-25 18:03:49'),
(837, 'harga', 'harga', '23669770', 73, '2024-06-25 18:03:49', '2024-06-25 18:03:49'),
(838, 'harga', 'harga', '23978260', 74, '2024-06-25 18:03:49', '2024-06-25 18:03:49'),
(839, 'harga', 'harga', '24286750', 75, '2024-06-25 18:03:49', '2024-06-25 18:03:49'),
(840, 'harga', 'harga', '24595240', 76, '2024-06-25 18:03:49', '2024-06-25 18:03:49'),
(841, 'harga', 'harga', '24903730', 77, '2024-06-25 18:03:49', '2024-06-25 18:03:49'),
(842, 'harga', 'harga', '25212220', 78, '2024-06-25 18:03:49', '2024-06-25 18:03:49'),
(843, 'harga', 'harga', '25520710', 79, '2024-06-25 18:03:49', '2024-06-25 18:03:49'),
(844, 'harga', 'harga', '25829200', 80, '2024-06-25 18:03:49', '2024-06-25 18:03:49'),
(845, 'harga', 'harga', '26137690', 81, '2024-06-25 18:03:49', '2024-06-25 18:03:49'),
(846, 'harga', 'harga', '26446180', 82, '2024-06-25 18:03:49', '2024-06-25 18:03:49'),
(847, 'harga', 'harga', '26754670', 83, '2024-06-25 18:03:49', '2024-06-25 18:03:49'),
(848, 'harga', 'harga', '27063160', 84, '2024-06-25 18:03:49', '2024-06-25 18:03:49'),
(849, 'harga', 'harga', '27371650', 85, '2024-06-25 18:03:49', '2024-06-25 18:03:49'),
(850, 'harga', 'harga', '27680140', 86, '2024-06-25 18:03:49', '2024-06-25 18:03:49'),
(851, 'harga', 'harga', '27988630', 87, '2024-06-25 18:03:49', '2024-06-25 18:03:49'),
(852, 'harga', 'harga', '28297120', 88, '2024-06-25 18:03:49', '2024-06-25 18:03:49'),
(853, 'harga', 'harga', '28605610', 89, '2024-06-25 18:03:49', '2024-06-25 18:03:49'),
(854, 'harga', 'harga', '28914100', 90, '2024-06-25 18:03:49', '2024-06-25 18:03:49'),
(855, 'harga', 'harga', '29222590', 91, '2024-06-25 18:03:49', '2024-06-25 18:03:49'),
(856, 'harga', 'harga', '29531080', 92, '2024-06-25 18:03:49', '2024-06-25 18:03:49'),
(857, 'harga', 'harga', '29839570', 93, '2024-06-25 18:03:49', '2024-06-25 18:03:49'),
(858, 'harga', 'harga', '30148060', 94, '2024-06-25 18:03:49', '2024-06-25 18:03:49'),
(859, 'harga', 'harga', '30456550', 95, '2024-06-25 18:03:49', '2024-06-25 18:03:49'),
(860, 'harga', 'harga', '30765040', 96, '2024-06-25 18:03:50', '2024-06-25 18:03:50'),
(861, 'harga', 'harga', '31073530', 97, '2024-06-25 18:03:50', '2024-06-25 18:03:50'),
(862, 'harga', 'harga', '31382020', 98, '2024-06-25 18:03:50', '2024-06-25 18:03:50'),
(863, 'harga', 'harga', '31690510', 99, '2024-06-25 18:03:50', '2024-06-25 18:03:50');

-- --------------------------------------------------------

--
-- Struktur dari tabel `kuantitatif`
--

CREATE TABLE `kuantitatif` (
  `id` int(11) UNSIGNED NOT NULL,
  `id_smartphone` int(11) UNSIGNED NOT NULL,
  `dimensi` float DEFAULT NULL,
  `berat` float DEFAULT NULL,
  `build` float DEFAULT NULL,
  `lcd_type` float DEFAULT NULL,
  `lcd_size` float DEFAULT NULL,
  `lcd_resolusi` float DEFAULT NULL,
  `os` float DEFAULT NULL,
  `chipset` float DEFAULT NULL,
  `cpu` float DEFAULT NULL,
  `ram` float DEFAULT NULL,
  `rom` float DEFAULT NULL,
  `main_camera` float DEFAULT NULL,
  `main_type` float DEFAULT NULL,
  `main_video` float DEFAULT NULL,
  `front_camera` float DEFAULT NULL,
  `front_video` float DEFAULT NULL,
  `usb` float DEFAULT NULL,
  `battery_capacity` float DEFAULT NULL,
  `harga` float DEFAULT NULL,
  `created_at` datetime DEFAULT NULL,
  `updated_at` datetime DEFAULT NULL
) ENGINE=InnoDB DEFAULT CHARSET=utf8 COLLATE=utf8_general_ci;

--
-- Dumping data untuk tabel `kuantitatif`
--

INSERT INTO `kuantitatif` (`id`, `id_smartphone`, `dimensi`, `berat`, `build`, `lcd_type`, `lcd_size`, `lcd_resolusi`, `os`, `chipset`, `cpu`, `ram`, `rom`, `main_camera`, `main_type`, `main_video`, `front_camera`, `front_video`, `usb`, `battery_capacity`, `harga`, `created_at`, `updated_at`) VALUES
(1, 2, 40, 20, 90, 70, 10, 40, 60, 84, 80, 30, 40, 100, 20, 145, 90, 10, 40, 40, 26, '2024-06-30 22:31:05', '2024-06-30 22:31:05'),
(2, 3, 40, 20, 90, 70, 10, 40, 60, 84, 80, 70, 80, 100, 20, 145, 90, 10, 40, 40, 36, '2024-06-30 22:31:05', '2024-06-30 22:31:05'),
(3, 4, 100, 100, 150, 65, 100, 40, 60, 84, 80, 70, 80, 100, 40, 145, 90, 10, 50, 100, 73, '2024-06-30 22:31:05', '2024-06-30 22:31:05'),
(4, 5, 100, 100, 150, 65, 100, 40, 60, 84, 80, 50, 60, 100, 40, 145, 90, 10, 50, 100, 41, '2024-06-30 22:31:05', '2024-06-30 22:31:05'),
(5, 6, 100, 100, 150, 65, 100, 40, 60, 84, 80, 70, 80, 100, 40, 145, 90, 10, 50, 100, 84, '2024-06-30 22:31:05', '2024-06-30 22:31:05'),
(6, 7, 40, 80, 170, 100, 100, 60, 100, 78, 60, 30, 60, 40, 40, 90, 50, 90, 100, 60, 71, '2024-06-30 22:31:05', '2024-06-30 22:31:05'),
(7, 8, 40, 80, 170, 100, 100, 60, 100, 78, 60, 30, 80, 40, 40, 90, 50, 90, 100, 60, 88, '2024-06-30 22:31:05', '2024-06-30 22:31:05'),
(8, 9, 40, 80, 170, 100, 100, 60, 100, 78, 60, 30, 100, 40, 40, 90, 50, 90, 100, 60, 100, '2024-06-30 22:31:05', '2024-06-30 22:31:05'),
(9, 10, 20, 40, 170, 100, 10, 60, 100, 78, 60, 30, 40, 40, 40, 90, 50, 90, 100, 20, 58, '2024-06-30 22:31:05', '2024-06-30 22:31:05'),
(10, 11, 20, 40, 170, 100, 10, 60, 100, 78, 60, 30, 60, 40, 40, 90, 50, 90, 100, 20, 68, '2024-06-30 22:31:05', '2024-06-30 22:31:05'),
(11, 12, 20, 40, 170, 100, 10, 60, 100, 78, 60, 30, 80, 40, 40, 90, 50, 90, 100, 20, 81, '2024-06-30 22:31:05', '2024-06-30 22:31:05'),
(12, 13, 20, 40, 170, 100, 10, 60, 100, 78, 60, 30, 100, 40, 40, 90, 50, 90, 100, 20, 94, '2024-06-30 22:31:05', '2024-06-30 22:31:05'),
(13, 14, 40, 40, 150, 100, 100, 60, 100, 78, 60, 30, 40, 40, 20, 90, 50, 90, 40, 60, 49, '2024-06-30 22:31:05', '2024-06-30 22:31:05'),
(14, 15, 40, 40, 150, 100, 100, 60, 100, 78, 60, 30, 60, 40, 20, 90, 50, 90, 40, 60, 58, '2024-06-30 22:31:05', '2024-06-30 22:31:05'),
(15, 16, 40, 40, 170, 100, 100, 60, 100, 78, 60, 30, 80, 40, 20, 90, 50, 90, 40, 60, 71, '2024-06-30 22:31:05', '2024-06-30 22:31:05'),
(16, 17, 20, 20, 150, 100, 10, 60, 100, 78, 60, 30, 40, 40, 20, 90, 50, 90, 40, 20, 49, '2024-06-30 22:31:05', '2024-06-30 22:31:05'),
(17, 18, 20, 20, 150, 100, 10, 60, 100, 78, 60, 30, 60, 40, 20, 90, 50, 90, 40, 20, 58, '2024-06-30 22:31:05', '2024-06-30 22:31:05'),
(18, 19, 20, 20, 150, 100, 10, 60, 100, 78, 60, 30, 80, 40, 20, 90, 50, 90, 40, 20, 71, '2024-06-30 22:31:05', '2024-06-30 22:31:05'),
(19, 20, 20, 20, 170, 85, 10, 40, 90, 88, 80, 30, 80, 100, 40, 145, 50, 80, 100, 40, 49, '2024-06-30 22:31:05', '2024-06-30 22:31:05'),
(20, 21, 60, 80, 170, 85, 100, 80, 90, 88, 80, 50, 80, 100, 80, 90, 50, 80, 100, 80, 75, '2024-06-30 22:31:05', '2024-06-30 22:31:05'),
(21, 22, 60, 80, 170, 85, 100, 80, 90, 88, 80, 50, 100, 100, 80, 90, 50, 80, 100, 80, 88, '2024-06-30 22:31:05', '2024-06-30 22:31:05'),
(22, 23, 40, 40, 150, 85, 100, 80, 90, 88, 100, 50, 80, 100, 40, 160, 50, 80, 100, 60, 58, '2024-06-30 22:31:05', '2024-06-30 22:31:05'),
(23, 24, 60, 80, 170, 85, 100, 80, 90, 88, 80, 50, 60, 100, 80, 90, 50, 80, 100, 80, 66, '2024-06-30 22:31:05', '2024-06-30 22:31:05'),
(24, 25, 40, 60, 150, 80, 100, 40, 60, 90, 80, 30, 60, 100, 40, 145, 40, 90, 70, 60, 29, '2024-06-30 22:31:06', '2024-06-30 22:31:05'),
(25, 26, 40, 60, 150, 80, 100, 40, 60, 90, 80, 30, 40, 100, 40, 145, 40, 90, 70, 60, 26, '2024-06-30 22:31:06', '2024-06-30 22:31:05'),
(26, 27, 60, 80, 150, 80, 100, 80, 60, 84, 80, 50, 80, 100, 80, 160, 50, 80, 70, 80, 62, '2024-06-30 22:31:06', '2024-06-30 22:31:05'),
(27, 28, 40, 40, 150, 80, 100, 40, 60, 84, 80, 30, 60, 100, 40, 160, 50, 80, 70, 60, 49, '2024-06-30 22:31:06', '2024-06-30 22:31:05'),
(28, 29, 20, 20, 150, 80, 10, 40, 60, 84, 80, 30, 60, 100, 40, 160, 50, 80, 70, 40, 42, '2024-06-30 22:31:06', '2024-06-30 22:31:05'),
(29, 30, 20, 40, 150, 80, 100, 40, 60, 84, 80, 30, 60, 50, 20, 70, 40, 50, 70, 20, 45, '2024-06-30 22:31:06', '2024-06-30 22:31:05'),
(30, 31, 20, 40, 150, 80, 100, 40, 60, 84, 80, 30, 80, 50, 20, 70, 40, 50, 70, 20, 50, '2024-06-30 22:31:06', '2024-06-30 22:31:05'),
(31, 32, 80, 100, 150, 80, 100, 80, 60, 84, 80, 50, 60, 100, 40, 80, 10, 90, 70, 60, 73, '2024-06-30 22:31:06', '2024-06-30 22:31:05'),
(32, 33, 80, 100, 150, 80, 100, 80, 60, 84, 80, 50, 80, 100, 40, 80, 10, 90, 70, 60, 78, '2024-06-30 22:31:06', '2024-06-30 22:31:05'),
(33, 34, 80, 40, 20, 40, 100, 40, 60, 57, 80, 40, 40, 100, 40, 20, 60, 10, 40, 80, 4, '2024-06-30 22:31:06', '2024-06-30 22:31:05'),
(34, 35, 60, 40, 20, 70, 100, 40, 90, 65, 80, 30, 60, 100, 40, 10, 60, 10, 40, 80, 8, '2024-06-30 22:31:06', '2024-06-30 22:31:05'),
(35, 36, 60, 40, 20, 70, 100, 40, 90, 64, 80, 30, 40, 100, 40, 60, 60, 10, 40, 80, 10, '2024-06-30 22:31:06', '2024-06-30 22:31:05'),
(36, 37, 60, 40, 20, 70, 100, 40, 90, 61, 80, 30, 60, 100, 40, 10, 60, 10, 40, 80, 6, '2024-06-30 22:31:06', '2024-06-30 22:31:05'),
(37, 38, 80, 40, 20, 40, 100, 20, 60, 58, 80, 10, 40, 100, 20, 20, 30, 1, 40, 80, 2, '2024-06-30 22:31:06', '2024-06-30 22:31:05'),
(38, 39, 80, 40, 20, 40, 100, 20, 60, 58, 80, 40, 40, 100, 20, 20, 30, 1, 40, 80, 3, '2024-06-30 22:31:06', '2024-06-30 22:31:05'),
(39, 40, 60, 40, 20, 70, 100, 40, 60, 64, 80, 30, 60, 90, 40, 70, 90, 60, 40, 100, 18, '2024-06-30 22:31:06', '2024-06-30 22:31:05'),
(40, 41, 20, 40, 150, 60, 10, 60, 90, 88, 80, 50, 60, 100, 40, 75, 90, 90, 70, 60, 36, '2024-06-30 22:31:06', '2024-06-30 22:31:05'),
(41, 42, 60, 40, 80, 65, 100, 60, 60, 81, 80, 50, 60, 100, 40, 50, 80, 10, 40, 80, 18, '2024-06-30 22:31:06', '2024-06-30 22:31:05'),
(42, 43, 60, 40, 80, 30, 100, 20, 90, 57, 80, 10, 40, 30, 10, 10, 20, 10, 40, 80, 1, '2024-06-30 22:31:06', '2024-06-30 22:31:05'),
(43, 44, 60, 40, 20, 30, 100, 20, 60, 58, 80, 40, 40, 100, 20, 10, 30, 10, 40, 80, 2, '2024-06-30 22:31:06', '2024-06-30 22:31:05'),
(44, 45, 60, 40, 20, 30, 100, 20, 60, 58, 80, 30, 60, 100, 20, 10, 30, 10, 40, 80, 3, '2024-06-30 22:31:06', '2024-06-30 22:31:05'),
(45, 46, 60, 40, 80, 30, 100, 40, 60, 61, 80, 30, 40, 100, 40, 10, 30, 10, 40, 80, 3, '2024-06-30 22:31:06', '2024-06-30 22:31:05'),
(46, 47, 60, 40, 80, 30, 100, 40, 60, 61, 80, 30, 60, 100, 40, 10, 30, 10, 40, 80, 3, '2024-06-30 22:31:06', '2024-06-30 22:31:05'),
(47, 48, 40, 40, 80, 65, 100, 60, 60, 78, 80, 30, 60, 100, 40, 50, 70, 20, 40, 80, 11, '2024-06-30 22:31:06', '2024-06-30 22:31:05'),
(48, 49, 60, 80, 150, 75, 100, 40, 90, 88, 80, 70, 80, 100, 40, 145, 90, 10, 100, 100, 45, '2024-06-30 22:31:06', '2024-06-30 22:31:05'),
(49, 50, 60, 80, 150, 75, 100, 40, 90, 88, 80, 50, 60, 100, 40, 145, 90, 10, 100, 100, 32, '2024-06-30 22:31:06', '2024-06-30 22:31:05'),
(50, 51, 40, 40, 20, 30, 100, 40, 60, 72, 80, 30, 40, 90, 20, 10, 70, 10, 40, 80, 11, '2024-06-30 22:31:06', '2024-06-30 22:31:05'),
(51, 52, 40, 20, 20, 30, 100, 40, 60, 72, 80, 30, 60, 90, 40, 50, 70, 10, 40, 80, 16, '2024-06-30 22:31:06', '2024-06-30 22:31:05'),
(52, 53, 40, 20, 20, 65, 100, 40, 60, 72, 80, 50, 80, 90, 40, 50, 70, 10, 40, 80, 19, '2024-06-30 22:31:06', '2024-06-30 22:31:05'),
(53, 54, 40, 40, 20, 30, 100, 40, 60, 61, 80, 40, 40, 70, 20, 10, 30, 10, 40, 80, 4, '2024-06-30 22:31:06', '2024-06-30 22:31:05'),
(54, 55, 40, 20, 20, 30, 100, 40, 60, 45, 80, 40, 40, 100, 20, 10, 30, 5, 40, 80, 3, '2024-06-30 22:31:06', '2024-06-30 22:31:05'),
(55, 56, 40, 20, 20, 30, 100, 40, 60, 45, 80, 30, 60, 100, 20, 10, 30, 5, 40, 80, 4, '2024-06-30 22:31:06', '2024-06-30 22:31:05'),
(56, 57, 40, 20, 20, 65, 100, 40, 60, 73, 80, 30, 60, 80, 20, 50, 70, 10, 40, 80, 12, '2024-06-30 22:31:06', '2024-06-30 22:31:05'),
(57, 58, 40, 20, 20, 65, 100, 40, 60, 73, 80, 50, 80, 100, 40, 50, 90, 10, 40, 80, 18, '2024-06-30 22:31:06', '2024-06-30 22:31:05'),
(58, 59, 60, 40, 20, 30, 100, 20, 60, 45, 80, 10, 40, 100, 10, 10, 20, 5, 40, 80, 2, '2024-06-30 22:31:06', '2024-06-30 22:31:05'),
(59, 60, 40, 20, 20, 70, 10, 40, 40, 61, 80, 30, 60, 90, 20, 10, 70, 10, 40, 80, 7, '2024-06-30 22:31:06', '2024-06-30 22:31:05'),
(60, 61, 40, 40, 20, 30, 100, 40, 60, 65, 80, 30, 40, 100, 20, 10, 30, 10, 40, 80, 5, '2024-06-30 22:31:06', '2024-06-30 22:31:05'),
(61, 62, 40, 40, 20, 30, 100, 40, 60, 65, 80, 30, 60, 100, 20, 10, 30, 10, 40, 80, 6, '2024-06-30 22:31:06', '2024-06-30 22:31:05'),
(62, 63, 60, 40, 50, 65, 100, 40, 90, 78, 80, 30, 60, 100, 40, 50, 90, 10, 40, 80, 16, '2024-06-30 22:31:06', '2024-06-30 22:31:05'),
(63, 64, 60, 40, 50, 65, 100, 40, 90, 78, 80, 50, 80, 100, 40, 50, 90, 10, 40, 80, 19, '2024-06-30 22:31:06', '2024-06-30 22:31:05'),
(64, 65, 60, 40, 20, 30, 100, 20, 60, 45, 80, 10, 40, 60, 10, 10, 20, 5, 40, 80, 2, '2024-06-30 22:31:06', '2024-06-30 22:31:05'),
(65, 66, 40, 40, 50, 65, 100, 40, 90, 73, 80, 30, 60, 100, 40, 70, 70, 10, 40, 80, 10, '2024-06-30 22:31:06', '2024-06-30 22:31:05'),
(66, 67, 40, 40, 50, 65, 100, 40, 90, 73, 80, 50, 80, 100, 40, 70, 70, 10, 40, 80, 13, '2024-06-30 22:31:06', '2024-06-30 22:31:05'),
(67, 68, 40, 40, 150, 65, 100, 40, 60, 83, 80, 50, 60, 100, 40, 50, 90, 60, 40, 40, 44, '2024-06-30 22:31:06', '2024-06-30 22:31:05'),
(68, 69, 100, 100, 150, 60, 100, 100, 60, 84, 80, 70, 80, 40, 40, 70, 80, 60, 40, 60, 84, '2024-06-30 22:31:06', '2024-06-30 22:31:05'),
(69, 70, 40, 20, 80, 65, 100, 40, 90, 81, 80, 50, 80, 100, 40, 70, 90, 60, 40, 60, 26, '2024-06-30 22:31:06', '2024-06-30 22:31:05'),
(70, 71, 40, 20, 80, 65, 100, 40, 90, 73, 80, 30, 60, 100, 40, 70, 90, 60, 40, 80, 15, '2024-06-30 22:31:06', '2024-06-30 22:31:05'),
(71, 72, 20, 20, 80, 65, 100, 40, 90, 73, 80, 30, 60, 70, 40, 50, 90, 60, 40, 80, 11, '2024-06-30 22:31:06', '2024-06-30 22:31:05'),
(72, 73, 40, 40, 80, 65, 100, 40, 60, 73, 80, 30, 60, 70, 40, 50, 90, 10, 40, 80, 14, '2024-06-30 22:31:06', '2024-06-30 22:31:05'),
(73, 74, 60, 40, 80, 30, 100, 40, 60, 72, 80, 30, 60, 70, 20, 10, 90, 10, 40, 80, 9, '2024-06-30 22:31:06', '2024-06-30 22:31:05'),
(74, 75, 40, 40, 80, 30, 100, 40, 60, 57, 80, 30, 60, 100, 20, 10, 30, 10, 40, 80, 8, '2024-06-30 22:31:06', '2024-06-30 22:31:05'),
(75, 76, 60, 80, 150, 75, 100, 60, 90, 97, 80, 70, 80, 60, 40, 150, 90, 90, 70, 80, 52, '2024-06-30 22:31:06', '2024-06-30 22:31:05'),
(76, 77, 40, 40, 20, 30, 100, 20, 60, 57, 80, 30, 40, 100, 20, 10, 30, 10, 40, 80, 5, '2024-06-30 22:31:06', '2024-06-30 22:31:05'),
(77, 78, 40, 40, 20, 30, 100, 20, 60, 57, 80, 30, 60, 100, 20, 10, 30, 10, 40, 80, 6, '2024-06-30 22:31:06', '2024-06-30 22:31:05'),
(78, 79, 60, 40, 20, 30, 100, 40, 60, 57, 80, 30, 60, 100, 20, 10, 30, 10, 40, 80, 6, '2024-06-30 22:31:06', '2024-06-30 22:31:05'),
(79, 80, 40, 40, 50, 65, 100, 40, 90, 65, 80, 30, 40, 100, 20, 10, 30, 10, 40, 80, 8, '2024-06-30 22:31:06', '2024-06-30 22:31:05'),
(80, 81, 40, 40, 50, 65, 100, 40, 90, 65, 80, 30, 60, 100, 20, 10, 30, 10, 40, 80, 9, '2024-06-30 22:31:06', '2024-06-30 22:31:05'),
(81, 82, 40, 40, 50, 65, 100, 40, 90, 64, 80, 30, 40, 100, 20, 10, 30, 10, 40, 80, 7, '2024-06-30 22:31:06', '2024-06-30 22:31:05'),
(82, 83, 40, 40, 50, 65, 100, 40, 90, 64, 80, 30, 60, 100, 20, 10, 30, 10, 40, 80, 8, '2024-06-30 22:31:06', '2024-06-30 22:31:05'),
(83, 84, 40, 40, 80, 65, 100, 40, 60, 72, 80, 30, 60, 70, 20, 10, 100, 10, 40, 60, 11, '2024-06-30 22:31:06', '2024-06-30 22:31:05'),
(84, 85, 40, 40, 20, 30, 100, 20, 60, 58, 80, 10, 70, 100, 20, 10, 30, 10, 40, 80, 1, '2024-06-30 22:31:06', '2024-06-30 22:31:05'),
(85, 86, 40, 40, 20, 30, 100, 20, 60, 58, 80, 10, 40, 100, 20, 10, 30, 10, 40, 80, 2, '2024-06-30 22:31:06', '2024-06-30 22:31:05'),
(86, 87, 40, 40, 80, 65, 100, 60, 60, 67, 80, 30, 60, 100, 40, 60, 100, 10, 40, 60, 16, '2024-06-30 22:31:06', '2024-06-30 22:31:05'),
(87, 88, 40, 40, 80, 65, 100, 60, 60, 67, 80, 50, 80, 100, 40, 60, 100, 10, 40, 60, 19, '2024-06-30 22:31:06', '2024-06-30 22:31:05'),
(88, 89, 40, 40, 20, 30, 100, 40, 60, 58, 80, 40, 40, 100, 20, 10, 100, 10, 40, 80, 2, '2024-06-30 22:31:06', '2024-06-30 22:31:05'),
(89, 90, 40, 40, 20, 30, 100, 40, 60, 57, 80, 40, 40, 100, 20, 10, 100, 10, 40, 80, 5, '2024-06-30 22:31:06', '2024-06-30 22:31:05'),
(90, 91, 60, 40, 20, 30, 100, 20, 60, 56, 80, 10, 70, 30, 10, 10, 20, 1, 10, 80, 1, '2024-06-30 22:31:06', '2024-06-30 22:31:05'),
(91, 92, 40, 20, 20, 65, 100, 40, 60, 81, 80, 50, 60, 70, 40, 50, 70, 20, 40, 80, 15, '2024-06-30 22:31:06', '2024-06-30 22:31:05'),
(92, 93, 40, 20, 20, 65, 100, 40, 60, 81, 80, 30, 60, 70, 40, 50, 70, 20, 40, 80, 13, '2024-06-30 22:31:06', '2024-06-30 22:31:05'),
(93, 94, 40, 20, 20, 65, 100, 40, 40, 67, 80, 40, 40, 90, 40, 50, 70, 20, 40, 80, 8, '2024-06-30 22:31:06', '2024-06-30 22:31:05'),
(94, 95, 40, 20, 20, 65, 100, 40, 40, 67, 80, 30, 60, 90, 40, 50, 70, 20, 40, 80, 10, '2024-06-30 22:31:06', '2024-06-30 22:31:05'),
(95, 96, 40, 40, 20, 70, 100, 40, 40, 72, 80, 40, 40, 40, 40, 10, 60, 10, 40, 80, 5, '2024-06-30 22:31:06', '2024-06-30 22:31:05'),
(96, 97, 40, 40, 20, 70, 100, 40, 40, 72, 80, 30, 60, 40, 40, 10, 60, 10, 40, 80, 6, '2024-06-30 22:31:06', '2024-06-30 22:31:05'),
(97, 98, 60, 20, 20, 30, 100, 20, 60, 46, 80, 10, 40, 60, 10, 10, 30, 10, 40, 80, 1, '2024-06-30 22:31:06', '2024-06-30 22:31:05'),
(98, 99, 60, 40, 20, 30, 100, 20, 60, 46, 80, 30, 60, 100, 10, 10, 30, 10, 40, 80, 3, '2024-06-30 22:31:06', '2024-06-30 22:31:05'),
(99, 100, 60, 20, 20, 30, 100, 20, 60, 46, 80, 10, 40, 60, 10, 10, 30, 10, 40, 80, 1, '2024-06-30 22:31:06', '2024-06-30 22:31:05'),
(100, 101, 40, 40, 20, 65, 100, 40, 60, 70, 80, 30, 60, 90, 40, 70, 90, 70, 40, 80, 6, '2024-06-30 22:31:06', '2024-06-30 22:31:05'),
(101, 102, 40, 60, 80, 65, 100, 40, 60, 61, 80, 30, 60, 90, 80, 20, 90, 10, 40, 80, 7, '2024-06-30 22:31:06', '2024-06-30 22:31:05'),
(102, 103, 60, 80, 80, 30, 100, 40, 60, 61, 80, 30, 40, 70, 40, 30, 70, 10, 40, 80, 5, '2024-06-30 22:31:06', '2024-06-30 22:31:05'),
(103, 104, 60, 40, 20, 30, 100, 20, 60, 46, 80, 30, 40, 60, 10, 10, 30, 10, 40, 80, 2, '2024-06-30 22:31:06', '2024-06-30 22:31:05');

-- --------------------------------------------------------

--
-- Struktur dari tabel `migrations`
--

CREATE TABLE `migrations` (
  `id` bigint(20) UNSIGNED NOT NULL,
  `version` varchar(255) NOT NULL,
  `class` varchar(255) NOT NULL,
  `group` varchar(255) NOT NULL,
  `namespace` varchar(255) NOT NULL,
  `time` int(11) NOT NULL,
  `batch` int(11) UNSIGNED NOT NULL
) ENGINE=InnoDB DEFAULT CHARSET=utf8 COLLATE=utf8_general_ci;

--
-- Dumping data untuk tabel `migrations`
--

INSERT INTO `migrations` (`id`, `version`, `class`, `group`, `namespace`, `time`, `batch`) VALUES
(15, '2024-04-22-120856', 'App\\Database\\Migrations\\SmartphoneMigration', 'default', 'App', 1718215481, 1),
(16, '2024-05-07-070652', 'App\\Database\\Migrations\\TokoMigration', 'default', 'App', 1718215482, 1),
(17, '2024-05-10-014747', 'App\\Database\\Migrations\\KonversiMigration', 'default', 'App', 1718215482, 1),
(18, '2024-06-06-081014', 'App\\Database\\Migrations\\UserMigration', 'default', 'App', 1718215482, 1),
(19, '2024-06-09-143549', 'App\\Database\\Migrations\\BobotUserMigration', 'default', 'App', 1718215482, 1),
(20, '2024-06-12-173929', 'App\\Database\\Migrations\\TabelKuantitatifMigration', 'default', 'App', 1718215482, 1),
(21, '2024-06-13-014845', 'App\\Database\\Migrations\\NormalisasiMigration', 'default', 'App', 1718215482, 1);

-- --------------------------------------------------------

--
-- Struktur dari tabel `normalisasi`
--

CREATE TABLE `normalisasi` (
  `id` int(11) UNSIGNED NOT NULL,
  `id_smartphone` int(11) UNSIGNED NOT NULL,
  `dimensi` float DEFAULT NULL,
  `berat` float DEFAULT NULL,
  `build` float DEFAULT NULL,
  `lcd_type` float DEFAULT NULL,
  `lcd_size` float DEFAULT NULL,
  `lcd_resolusi` float DEFAULT NULL,
  `os` float DEFAULT NULL,
  `chipset` float DEFAULT NULL,
  `cpu` float DEFAULT NULL,
  `ram` float DEFAULT NULL,
  `rom` float DEFAULT NULL,
  `main_camera` float DEFAULT NULL,
  `main_type` float DEFAULT NULL,
  `main_video` float DEFAULT NULL,
  `front_camera` float DEFAULT NULL,
  `front_video` float DEFAULT NULL,
  `usb` float DEFAULT NULL,
  `battery_capacity` float DEFAULT NULL,
  `harga` float DEFAULT NULL,
  `created_at` datetime DEFAULT NULL,
  `updated_at` datetime DEFAULT NULL
) ENGINE=InnoDB DEFAULT CHARSET=utf8 COLLATE=utf8_general_ci;

--
-- Dumping data untuk tabel `normalisasi`
--

INSERT INTO `normalisasi` (`id`, `id_smartphone`, `dimensi`, `berat`, `build`, `lcd_type`, `lcd_size`, `lcd_resolusi`, `os`, `chipset`, `cpu`, `ram`, `rom`, `main_camera`, `main_type`, `main_video`, `front_camera`, `front_video`, `usb`, `battery_capacity`, `harga`, `created_at`, `updated_at`) VALUES
(1, 2, 0.25, 0, 0.466667, 0.571429, 0, 0.25, 0.333333, 0.75, 0.5, 0.333333, 0, 1, 0.142857, 0.9, 0.888889, 0.101124, 0.333333, 0.25, 0.747475, '2024-06-30 19:16:32', '2024-06-30 19:16:32'),
(2, 3, 0.25, 0, 0.466667, 0.571429, 0, 0.25, 0.333333, 0.75, 0.5, 1, 0.666667, 1, 0.142857, 0.9, 0.888889, 0.101124, 0.333333, 0.25, 0.646465, '2024-06-30 19:16:32', '2024-06-30 19:16:32'),
(3, 4, 1, 1, 0.866667, 0.5, 1, 0.25, 0.333333, 0.75, 0.5, 1, 0.666667, 1, 0.428571, 0.9, 0.888889, 0.101124, 0.444444, 1, 0.272727, '2024-06-30 19:16:32', '2024-06-30 19:16:32'),
(4, 5, 1, 1, 0.866667, 0.5, 1, 0.25, 0.333333, 0.75, 0.5, 0.666667, 0.333333, 1, 0.428571, 0.9, 0.888889, 0.101124, 0.444444, 1, 0.59596, '2024-06-30 19:16:32', '2024-06-30 19:16:32'),
(5, 6, 1, 1, 0.866667, 0.5, 1, 0.25, 0.333333, 0.75, 0.5, 1, 0.666667, 1, 0.428571, 0.9, 0.888889, 0.101124, 0.444444, 1, 0.161616, '2024-06-30 19:16:32', '2024-06-30 19:16:32'),
(6, 7, 0.25, 0.75, 1, 1, 1, 0.5, 1, 0.634615, 0, 0.333333, 0.333333, 0.142857, 0.428571, 0.533333, 0.444444, 1, 1, 0.5, 0.292929, '2024-06-30 19:16:32', '2024-06-30 19:16:32'),
(7, 8, 0.25, 0.75, 1, 1, 1, 0.5, 1, 0.634615, 0, 0.333333, 0.666667, 0.142857, 0.428571, 0.533333, 0.444444, 1, 1, 0.5, 0.121212, '2024-06-30 19:16:32', '2024-06-30 19:16:32'),
(8, 9, 0.25, 0.75, 1, 1, 1, 0.5, 1, 0.634615, 0, 0.333333, 1, 0.142857, 0.428571, 0.533333, 0.444444, 1, 1, 0.5, 0, '2024-06-30 19:16:32', '2024-06-30 19:16:32'),
(9, 10, 0, 0.25, 1, 1, 0, 0.5, 1, 0.634615, 0, 0.333333, 0, 0.142857, 0.428571, 0.533333, 0.444444, 1, 1, 0, 0.424242, '2024-06-30 19:16:32', '2024-06-30 19:16:32'),
(10, 11, 0, 0.25, 1, 1, 0, 0.5, 1, 0.634615, 0, 0.333333, 0.333333, 0.142857, 0.428571, 0.533333, 0.444444, 1, 1, 0, 0.323232, '2024-06-30 19:16:32', '2024-06-30 19:16:32'),
(11, 12, 0, 0.25, 1, 1, 0, 0.5, 1, 0.634615, 0, 0.333333, 0.666667, 0.142857, 0.428571, 0.533333, 0.444444, 1, 1, 0, 0.191919, '2024-06-30 19:16:32', '2024-06-30 19:16:32'),
(12, 13, 0, 0.25, 1, 1, 0, 0.5, 1, 0.634615, 0, 0.333333, 1, 0.142857, 0.428571, 0.533333, 0.444444, 1, 1, 0, 0.0606061, '2024-06-30 19:16:32', '2024-06-30 19:16:32'),
(13, 14, 0.25, 0.25, 0.866667, 1, 1, 0.5, 1, 0.634615, 0, 0.333333, 0, 0.142857, 0.142857, 0.533333, 0.444444, 1, 0.333333, 0.5, 0.515152, '2024-06-30 19:16:32', '2024-06-30 19:16:32'),
(14, 15, 0.25, 0.25, 0.866667, 1, 1, 0.5, 1, 0.634615, 0, 0.333333, 0.333333, 0.142857, 0.142857, 0.533333, 0.444444, 1, 0.333333, 0.5, 0.424242, '2024-06-30 19:16:32', '2024-06-30 19:16:32'),
(15, 16, 0.25, 0.25, 1, 1, 1, 0.5, 1, 0.634615, 0, 0.333333, 0.666667, 0.142857, 0.142857, 0.533333, 0.444444, 1, 0.333333, 0.5, 0.292929, '2024-06-30 19:16:32', '2024-06-30 19:16:32'),
(16, 17, 0, 0, 0.866667, 1, 0, 0.5, 1, 0.634615, 0, 0.333333, 0, 0.142857, 0.142857, 0.533333, 0.444444, 1, 0.333333, 0, 0.515152, '2024-06-30 19:16:32', '2024-06-30 19:16:32'),
(17, 18, 0, 0, 0.866667, 1, 0, 0.5, 1, 0.634615, 0, 0.333333, 0.333333, 0.142857, 0.142857, 0.533333, 0.444444, 1, 0.333333, 0, 0.424242, '2024-06-30 19:16:32', '2024-06-30 19:16:32'),
(18, 19, 0, 0, 0.866667, 1, 0, 0.5, 1, 0.634615, 0, 0.333333, 0.666667, 0.142857, 0.142857, 0.533333, 0.444444, 1, 0.333333, 0, 0.292929, '2024-06-30 19:16:32', '2024-06-30 19:16:32'),
(19, 20, 0, 0, 1, 0.785714, 0, 0.25, 0.833333, 0.826923, 0.5, 0.333333, 0.666667, 1, 0.428571, 0.9, 0.444444, 0.88764, 1, 0.25, 0.515152, '2024-06-30 19:16:32', '2024-06-30 19:16:32'),
(20, 21, 0.5, 0.75, 1, 0.785714, 1, 0.75, 0.833333, 0.826923, 0.5, 0.666667, 0.666667, 1, 1, 0.533333, 0.444444, 0.88764, 1, 0.75, 0.252525, '2024-06-30 19:16:32', '2024-06-30 19:16:32'),
(21, 22, 0.5, 0.75, 1, 0.785714, 1, 0.75, 0.833333, 0.826923, 0.5, 0.666667, 1, 1, 1, 0.533333, 0.444444, 0.88764, 1, 0.75, 0.121212, '2024-06-30 19:16:32', '2024-06-30 19:16:32'),
(22, 23, 0.25, 0.25, 0.866667, 0.785714, 1, 0.75, 0.833333, 0.826923, 1, 0.666667, 0.666667, 1, 0.428571, 1, 0.444444, 0.88764, 1, 0.5, 0.424242, '2024-06-30 19:16:32', '2024-06-30 19:16:32'),
(23, 24, 0.5, 0.75, 1, 0.785714, 1, 0.75, 0.833333, 0.826923, 0.5, 0.666667, 0.333333, 1, 1, 0.533333, 0.444444, 0.88764, 1, 0.75, 0.343434, '2024-06-30 19:16:32', '2024-06-30 19:16:32'),
(24, 25, 0.25, 0.5, 0.866667, 0.714286, 1, 0.25, 0.333333, 0.865385, 0.5, 0.333333, 0.333333, 1, 0.428571, 0.9, 0.333333, 1, 0.666667, 0.5, 0.717172, '2024-06-30 19:16:32', '2024-06-30 19:16:32'),
(25, 26, 0.25, 0.5, 0.866667, 0.714286, 1, 0.25, 0.333333, 0.865385, 0.5, 0.333333, 0, 1, 0.428571, 0.9, 0.333333, 1, 0.666667, 0.5, 0.747475, '2024-06-30 19:16:32', '2024-06-30 19:16:32'),
(26, 27, 0.5, 0.75, 0.866667, 0.714286, 1, 0.75, 0.333333, 0.75, 0.5, 0.666667, 0.666667, 1, 1, 1, 0.444444, 0.88764, 0.666667, 0.75, 0.383838, '2024-06-30 19:16:32', '2024-06-30 19:16:32'),
(27, 28, 0.25, 0.25, 0.866667, 0.714286, 1, 0.25, 0.333333, 0.75, 0.5, 0.333333, 0.333333, 1, 0.428571, 1, 0.444444, 0.88764, 0.666667, 0.5, 0.515152, '2024-06-30 19:16:32', '2024-06-30 19:16:32'),
(28, 29, 0, 0, 0.866667, 0.714286, 0, 0.25, 0.333333, 0.75, 0.5, 0.333333, 0.333333, 1, 0.428571, 1, 0.444444, 0.88764, 0.666667, 0.25, 0.585859, '2024-06-30 19:16:32', '2024-06-30 19:16:32'),
(29, 30, 0, 0.25, 0.866667, 0.714286, 1, 0.25, 0.333333, 0.75, 0.5, 0.333333, 0.333333, 0.285714, 0.142857, 0.4, 0.333333, 0.550562, 0.666667, 0, 0.555556, '2024-06-30 19:16:32', '2024-06-30 19:16:32'),
(30, 31, 0, 0.25, 0.866667, 0.714286, 1, 0.25, 0.333333, 0.75, 0.5, 0.333333, 0.666667, 0.285714, 0.142857, 0.4, 0.333333, 0.550562, 0.666667, 0, 0.50505, '2024-06-30 19:16:32', '2024-06-30 19:16:32'),
(31, 32, 0.75, 1, 0.866667, 0.714286, 1, 0.75, 0.333333, 0.75, 0.5, 0.666667, 0.333333, 1, 0.428571, 0.466667, 0, 1, 0.666667, 0.5, 0.272727, '2024-06-30 19:16:32', '2024-06-30 19:16:32'),
(32, 33, 0.75, 1, 0.866667, 0.714286, 1, 0.75, 0.333333, 0.75, 0.5, 0.666667, 0.666667, 1, 0.428571, 0.466667, 0, 1, 0.666667, 0.5, 0.222222, '2024-06-30 19:16:32', '2024-06-30 19:16:32'),
(33, 34, 0.75, 0.25, 0, 0.142857, 1, 0.25, 0.333333, 0.230769, 0.5, 0.5, 0, 1, 0.428571, 0.0666667, 0.555556, 0.101124, 0.333333, 0.75, 0.969697, '2024-06-30 19:16:32', '2024-06-30 19:16:32'),
(34, 35, 0.5, 0.25, 0, 0.571429, 1, 0.25, 0.833333, 0.384615, 0.5, 0.333333, 0.333333, 1, 0.428571, 0, 0.555556, 0.101124, 0.333333, 0.75, 0.929293, '2024-06-30 19:16:32', '2024-06-30 19:16:32'),
(35, 36, 0.5, 0.25, 0, 0.571429, 1, 0.25, 0.833333, 0.365385, 0.5, 0.333333, 0, 1, 0.428571, 0.333333, 0.555556, 0.101124, 0.333333, 0.75, 0.909091, '2024-06-30 19:16:32', '2024-06-30 19:16:32'),
(36, 37, 0.5, 0.25, 0, 0.571429, 1, 0.25, 0.833333, 0.307692, 0.5, 0.333333, 0.333333, 1, 0.428571, 0, 0.555556, 0.101124, 0.333333, 0.75, 0.949495, '2024-06-30 19:16:32', '2024-06-30 19:16:32'),
(37, 38, 0.75, 0.25, 0, 0.142857, 1, 0, 0.333333, 0.25, 0.5, 0, 0, 1, 0.142857, 0.0666667, 0.222222, 0, 0.333333, 0.75, 0.989899, '2024-06-30 19:16:32', '2024-06-30 19:16:32'),
(38, 39, 0.75, 0.25, 0, 0.142857, 1, 0, 0.333333, 0.25, 0.5, 0.5, 0, 1, 0.142857, 0.0666667, 0.222222, 0, 0.333333, 0.75, 0.979798, '2024-06-30 19:16:32', '2024-06-30 19:16:32'),
(39, 40, 0.5, 0.25, 0, 0.571429, 1, 0.25, 0.333333, 0.365385, 0.5, 0.333333, 0.333333, 0.857143, 0.428571, 0.4, 0.888889, 0.662921, 0.333333, 1, 0.828283, '2024-06-30 19:16:32', '2024-06-30 19:16:32'),
(40, 41, 0, 0.25, 0.866667, 0.428571, 0, 0.5, 0.833333, 0.826923, 0.5, 0.666667, 0.333333, 1, 0.428571, 0.433333, 0.888889, 1, 0.666667, 0.5, 0.646465, '2024-06-30 19:16:32', '2024-06-30 19:16:32'),
(41, 42, 0.5, 0.25, 0.4, 0.5, 1, 0.5, 0.333333, 0.692308, 0.5, 0.666667, 0.333333, 1, 0.428571, 0.266667, 0.777778, 0.101124, 0.333333, 0.75, 0.828283, '2024-06-30 19:16:32', '2024-06-30 19:16:32'),
(42, 43, 0.5, 0.25, 0.4, 0, 1, 0, 0.833333, 0.230769, 0.5, 0, 0, 0, 0, 0, 0.111111, 0.101124, 0.333333, 0.75, 1, '2024-06-30 19:16:32', '2024-06-30 19:16:32'),
(43, 44, 0.5, 0.25, 0, 0, 1, 0, 0.333333, 0.25, 0.5, 0.5, 0, 1, 0.142857, 0, 0.222222, 0.101124, 0.333333, 0.75, 0.989899, '2024-06-30 19:16:32', '2024-06-30 19:16:32'),
(44, 45, 0.5, 0.25, 0, 0, 1, 0, 0.333333, 0.25, 0.5, 0.333333, 0.333333, 1, 0.142857, 0, 0.222222, 0.101124, 0.333333, 0.75, 0.979798, '2024-06-30 19:16:32', '2024-06-30 19:16:32'),
(45, 46, 0.5, 0.25, 0.4, 0, 1, 0.25, 0.333333, 0.307692, 0.5, 0.333333, 0, 1, 0.428571, 0, 0.222222, 0.101124, 0.333333, 0.75, 0.979798, '2024-06-30 19:16:32', '2024-06-30 19:16:32'),
(46, 47, 0.5, 0.25, 0.4, 0, 1, 0.25, 0.333333, 0.307692, 0.5, 0.333333, 0.333333, 1, 0.428571, 0, 0.222222, 0.101124, 0.333333, 0.75, 0.979798, '2024-06-30 19:16:32', '2024-06-30 19:16:32'),
(47, 48, 0.25, 0.25, 0.4, 0.5, 1, 0.5, 0.333333, 0.634615, 0.5, 0.333333, 0.333333, 1, 0.428571, 0.266667, 0.666667, 0.213483, 0.333333, 0.75, 0.89899, '2024-06-30 19:16:32', '2024-06-30 19:16:32'),
(48, 49, 0.5, 0.75, 0.866667, 0.642857, 1, 0.25, 0.833333, 0.826923, 0.5, 1, 0.666667, 1, 0.428571, 0.9, 0.888889, 0.101124, 1, 1, 0.555556, '2024-06-30 19:16:32', '2024-06-30 19:16:32'),
(49, 50, 0.5, 0.75, 0.866667, 0.642857, 1, 0.25, 0.833333, 0.826923, 0.5, 0.666667, 0.333333, 1, 0.428571, 0.9, 0.888889, 0.101124, 1, 1, 0.686869, '2024-06-30 19:16:32', '2024-06-30 19:16:32'),
(50, 51, 0.25, 0.25, 0, 0, 1, 0.25, 0.333333, 0.519231, 0.5, 0.333333, 0, 0.857143, 0.142857, 0, 0.666667, 0.101124, 0.333333, 0.75, 0.89899, '2024-06-30 19:16:32', '2024-06-30 19:16:32'),
(51, 52, 0.25, 0, 0, 0, 1, 0.25, 0.333333, 0.519231, 0.5, 0.333333, 0.333333, 0.857143, 0.428571, 0.266667, 0.666667, 0.101124, 0.333333, 0.75, 0.848485, '2024-06-30 19:16:32', '2024-06-30 19:16:32'),
(52, 53, 0.25, 0, 0, 0.5, 1, 0.25, 0.333333, 0.519231, 0.5, 0.666667, 0.666667, 0.857143, 0.428571, 0.266667, 0.666667, 0.101124, 0.333333, 0.75, 0.818182, '2024-06-30 19:16:32', '2024-06-30 19:16:32'),
(53, 54, 0.25, 0.25, 0, 0, 1, 0.25, 0.333333, 0.307692, 0.5, 0.5, 0, 0.571429, 0.142857, 0, 0.222222, 0.101124, 0.333333, 0.75, 0.969697, '2024-06-30 19:16:32', '2024-06-30 19:16:32'),
(54, 55, 0.25, 0, 0, 0, 1, 0.25, 0.333333, 0, 0.5, 0.5, 0, 1, 0.142857, 0, 0.222222, 0.0449438, 0.333333, 0.75, 0.979798, '2024-06-30 19:16:32', '2024-06-30 19:16:32'),
(55, 56, 0.25, 0, 0, 0, 1, 0.25, 0.333333, 0, 0.5, 0.333333, 0.333333, 1, 0.142857, 0, 0.222222, 0.0449438, 0.333333, 0.75, 0.969697, '2024-06-30 19:16:32', '2024-06-30 19:16:32'),
(56, 57, 0.25, 0, 0, 0.5, 1, 0.25, 0.333333, 0.538462, 0.5, 0.333333, 0.333333, 0.714286, 0.142857, 0.266667, 0.666667, 0.101124, 0.333333, 0.75, 0.888889, '2024-06-30 19:16:33', '2024-06-30 19:16:33'),
(57, 58, 0.25, 0, 0, 0.5, 1, 0.25, 0.333333, 0.538462, 0.5, 0.666667, 0.666667, 1, 0.428571, 0.266667, 0.888889, 0.101124, 0.333333, 0.75, 0.828283, '2024-06-30 19:16:33', '2024-06-30 19:16:33'),
(58, 59, 0.5, 0.25, 0, 0, 1, 0, 0.333333, 0, 0.5, 0, 0, 1, 0, 0, 0.111111, 0.0449438, 0.333333, 0.75, 0.989899, '2024-06-30 19:16:33', '2024-06-30 19:16:33'),
(59, 60, 0.25, 0, 0, 0.571429, 0, 0.25, 0, 0.307692, 0.5, 0.333333, 0.333333, 0.857143, 0.142857, 0, 0.666667, 0.101124, 0.333333, 0.75, 0.939394, '2024-06-30 19:16:33', '2024-06-30 19:16:33'),
(60, 61, 0.25, 0.25, 0, 0, 1, 0.25, 0.333333, 0.384615, 0.5, 0.333333, 0, 1, 0.142857, 0, 0.222222, 0.101124, 0.333333, 0.75, 0.959596, '2024-06-30 19:16:33', '2024-06-30 19:16:33'),
(61, 62, 0.25, 0.25, 0, 0, 1, 0.25, 0.333333, 0.384615, 0.5, 0.333333, 0.333333, 1, 0.142857, 0, 0.222222, 0.101124, 0.333333, 0.75, 0.949495, '2024-06-30 19:16:33', '2024-06-30 19:16:33'),
(62, 63, 0.5, 0.25, 0.2, 0.5, 1, 0.25, 0.833333, 0.634615, 0.5, 0.333333, 0.333333, 1, 0.428571, 0.266667, 0.888889, 0.101124, 0.333333, 0.75, 0.848485, '2024-06-30 19:16:33', '2024-06-30 19:16:33'),
(63, 64, 0.5, 0.25, 0.2, 0.5, 1, 0.25, 0.833333, 0.634615, 0.5, 0.666667, 0.666667, 1, 0.428571, 0.266667, 0.888889, 0.101124, 0.333333, 0.75, 0.818182, '2024-06-30 19:16:33', '2024-06-30 19:16:33'),
(64, 65, 0.5, 0.25, 0, 0, 1, 0, 0.333333, 0, 0.5, 0, 0, 0.428571, 0, 0, 0.111111, 0.0449438, 0.333333, 0.75, 0.989899, '2024-06-30 19:16:33', '2024-06-30 19:16:33'),
(65, 66, 0.25, 0.25, 0.2, 0.5, 1, 0.25, 0.833333, 0.538462, 0.5, 0.333333, 0.333333, 1, 0.428571, 0.4, 0.666667, 0.101124, 0.333333, 0.75, 0.909091, '2024-06-30 19:16:33', '2024-06-30 19:16:33'),
(66, 67, 0.25, 0.25, 0.2, 0.5, 1, 0.25, 0.833333, 0.538462, 0.5, 0.666667, 0.666667, 1, 0.428571, 0.4, 0.666667, 0.101124, 0.333333, 0.75, 0.878788, '2024-06-30 19:16:33', '2024-06-30 19:16:33'),
(67, 68, 0.25, 0.25, 0.866667, 0.5, 1, 0.25, 0.333333, 0.730769, 0.5, 0.666667, 0.333333, 1, 0.428571, 0.266667, 0.888889, 0.662921, 0.333333, 0.25, 0.565657, '2024-06-30 19:16:33', '2024-06-30 19:16:33'),
(68, 69, 1, 1, 0.866667, 0.428571, 1, 1, 0.333333, 0.75, 0.5, 1, 0.666667, 0.142857, 0.428571, 0.4, 0.777778, 0.662921, 0.333333, 0.5, 0.161616, '2024-06-30 19:16:33', '2024-06-30 19:16:33'),
(69, 70, 0.25, 0, 0.4, 0.5, 1, 0.25, 0.833333, 0.692308, 0.5, 0.666667, 0.666667, 1, 0.428571, 0.4, 0.888889, 0.662921, 0.333333, 0.5, 0.747475, '2024-06-30 19:16:33', '2024-06-30 19:16:33'),
(70, 71, 0.25, 0, 0.4, 0.5, 1, 0.25, 0.833333, 0.538462, 0.5, 0.333333, 0.333333, 1, 0.428571, 0.4, 0.888889, 0.662921, 0.333333, 0.75, 0.858586, '2024-06-30 19:16:33', '2024-06-30 19:16:33'),
(71, 72, 0, 0, 0.4, 0.5, 1, 0.25, 0.833333, 0.538462, 0.5, 0.333333, 0.333333, 0.571429, 0.428571, 0.266667, 0.888889, 0.662921, 0.333333, 0.75, 0.89899, '2024-06-30 19:16:33', '2024-06-30 19:16:33'),
(72, 73, 0.25, 0.25, 0.4, 0.5, 1, 0.25, 0.333333, 0.538462, 0.5, 0.333333, 0.333333, 0.571429, 0.428571, 0.266667, 0.888889, 0.101124, 0.333333, 0.75, 0.868687, '2024-06-30 19:16:33', '2024-06-30 19:16:33'),
(73, 74, 0.5, 0.25, 0.4, 0, 1, 0.25, 0.333333, 0.519231, 0.5, 0.333333, 0.333333, 0.571429, 0.142857, 0, 0.888889, 0.101124, 0.333333, 0.75, 0.919192, '2024-06-30 19:16:33', '2024-06-30 19:16:33'),
(74, 75, 0.25, 0.25, 0.4, 0, 1, 0.25, 0.333333, 0.230769, 0.5, 0.333333, 0.333333, 1, 0.142857, 0, 0.222222, 0.101124, 0.333333, 0.75, 0.929293, '2024-06-30 19:16:33', '2024-06-30 19:16:33'),
(75, 76, 0.5, 0.75, 0.866667, 0.642857, 1, 0.5, 0.833333, 1, 0.5, 1, 0.666667, 0.428571, 0.428571, 0.933333, 0.888889, 1, 0.666667, 0.75, 0.484848, '2024-06-30 19:16:33', '2024-06-30 19:16:33'),
(76, 77, 0.25, 0.25, 0, 0, 1, 0, 0.333333, 0.230769, 0.5, 0.333333, 0, 1, 0.142857, 0, 0.222222, 0.101124, 0.333333, 0.75, 0.959596, '2024-06-30 19:16:33', '2024-06-30 19:16:33'),
(77, 78, 0.25, 0.25, 0, 0, 1, 0, 0.333333, 0.230769, 0.5, 0.333333, 0.333333, 1, 0.142857, 0, 0.222222, 0.101124, 0.333333, 0.75, 0.949495, '2024-06-30 19:16:33', '2024-06-30 19:16:33'),
(78, 79, 0.5, 0.25, 0, 0, 1, 0.25, 0.333333, 0.230769, 0.5, 0.333333, 0.333333, 1, 0.142857, 0, 0.222222, 0.101124, 0.333333, 0.75, 0.949495, '2024-06-30 19:16:33', '2024-06-30 19:16:33'),
(79, 80, 0.25, 0.25, 0.2, 0.5, 1, 0.25, 0.833333, 0.384615, 0.5, 0.333333, 0, 1, 0.142857, 0, 0.222222, 0.101124, 0.333333, 0.75, 0.929293, '2024-06-30 19:16:33', '2024-06-30 19:16:33'),
(80, 81, 0.25, 0.25, 0.2, 0.5, 1, 0.25, 0.833333, 0.384615, 0.5, 0.333333, 0.333333, 1, 0.142857, 0, 0.222222, 0.101124, 0.333333, 0.75, 0.919192, '2024-06-30 19:16:33', '2024-06-30 19:16:33'),
(81, 82, 0.25, 0.25, 0.2, 0.5, 1, 0.25, 0.833333, 0.365385, 0.5, 0.333333, 0, 1, 0.142857, 0, 0.222222, 0.101124, 0.333333, 0.75, 0.939394, '2024-06-30 19:16:33', '2024-06-30 19:16:33'),
(82, 83, 0.25, 0.25, 0.2, 0.5, 1, 0.25, 0.833333, 0.365385, 0.5, 0.333333, 0.333333, 1, 0.142857, 0, 0.222222, 0.101124, 0.333333, 0.75, 0.929293, '2024-06-30 19:16:33', '2024-06-30 19:16:33'),
(83, 84, 0.25, 0.25, 0.4, 0.5, 1, 0.25, 0.333333, 0.519231, 0.5, 0.333333, 0.333333, 0.571429, 0.142857, 0, 1, 0.101124, 0.333333, 0.5, 0.89899, '2024-06-30 19:16:33', '2024-06-30 19:16:33'),
(84, 85, 0.25, 0.25, 0, 0, 1, 0, 0.333333, 0.25, 0.5, 0, 0.5, 1, 0.142857, 0, 0.222222, 0.101124, 0.333333, 0.75, 1, '2024-06-30 19:16:33', '2024-06-30 19:16:33'),
(85, 86, 0.25, 0.25, 0, 0, 1, 0, 0.333333, 0.25, 0.5, 0, 0, 1, 0.142857, 0, 0.222222, 0.101124, 0.333333, 0.75, 0.989899, '2024-06-30 19:16:33', '2024-06-30 19:16:33'),
(86, 87, 0.25, 0.25, 0.4, 0.5, 1, 0.5, 0.333333, 0.423077, 0.5, 0.333333, 0.333333, 1, 0.428571, 0.333333, 1, 0.101124, 0.333333, 0.5, 0.848485, '2024-06-30 19:16:33', '2024-06-30 19:16:33'),
(87, 88, 0.25, 0.25, 0.4, 0.5, 1, 0.5, 0.333333, 0.423077, 0.5, 0.666667, 0.666667, 1, 0.428571, 0.333333, 1, 0.101124, 0.333333, 0.5, 0.818182, '2024-06-30 19:16:33', '2024-06-30 19:16:33'),
(88, 89, 0.25, 0.25, 0, 0, 1, 0.25, 0.333333, 0.25, 0.5, 0.5, 0, 1, 0.142857, 0, 1, 0.101124, 0.333333, 0.75, 0.989899, '2024-06-30 19:16:33', '2024-06-30 19:16:33'),
(89, 90, 0.25, 0.25, 0, 0, 1, 0.25, 0.333333, 0.230769, 0.5, 0.5, 0, 1, 0.142857, 0, 1, 0.101124, 0.333333, 0.75, 0.959596, '2024-06-30 19:16:33', '2024-06-30 19:16:33'),
(90, 91, 0.5, 0.25, 0, 0, 1, 0, 0.333333, 0.211538, 0.5, 0, 0.5, 0, 0, 0, 0.111111, 0, 0, 0.75, 1, '2024-06-30 19:16:33', '2024-06-30 19:16:33'),
(91, 92, 0.25, 0, 0, 0.5, 1, 0.25, 0.333333, 0.692308, 0.5, 0.666667, 0.333333, 0.571429, 0.428571, 0.266667, 0.666667, 0.213483, 0.333333, 0.75, 0.858586, '2024-06-30 19:16:33', '2024-06-30 19:16:33'),
(92, 93, 0.25, 0, 0, 0.5, 1, 0.25, 0.333333, 0.692308, 0.5, 0.333333, 0.333333, 0.571429, 0.428571, 0.266667, 0.666667, 0.213483, 0.333333, 0.75, 0.878788, '2024-06-30 19:16:33', '2024-06-30 19:16:33'),
(93, 94, 0.25, 0, 0, 0.5, 1, 0.25, 0, 0.423077, 0.5, 0.5, 0, 0.857143, 0.428571, 0.266667, 0.666667, 0.213483, 0.333333, 0.75, 0.929293, '2024-06-30 19:16:33', '2024-06-30 19:16:33'),
(94, 95, 0.25, 0, 0, 0.5, 1, 0.25, 0, 0.423077, 0.5, 0.333333, 0.333333, 0.857143, 0.428571, 0.266667, 0.666667, 0.213483, 0.333333, 0.75, 0.909091, '2024-06-30 19:16:33', '2024-06-30 19:16:33'),
(95, 96, 0.25, 0.25, 0, 0.571429, 1, 0.25, 0, 0.519231, 0.5, 0.5, 0, 0.142857, 0.428571, 0, 0.555556, 0.101124, 0.333333, 0.75, 0.959596, '2024-06-30 19:16:33', '2024-06-30 19:16:33'),
(96, 97, 0.25, 0.25, 0, 0.571429, 1, 0.25, 0, 0.519231, 0.5, 0.333333, 0.333333, 0.142857, 0.428571, 0, 0.555556, 0.101124, 0.333333, 0.75, 0.949495, '2024-06-30 19:16:33', '2024-06-30 19:16:33'),
(97, 98, 0.5, 0, 0, 0, 1, 0, 0.333333, 0.0192308, 0.5, 0, 0, 0.428571, 0, 0, 0.222222, 0.101124, 0.333333, 0.75, 1, '2024-06-30 19:16:33', '2024-06-30 19:16:33'),
(98, 99, 0.5, 0.25, 0, 0, 1, 0, 0.333333, 0.0192308, 0.5, 0.333333, 0.333333, 1, 0, 0, 0.222222, 0.101124, 0.333333, 0.75, 0.979798, '2024-06-30 19:16:33', '2024-06-30 19:16:33'),
(99, 100, 0.5, 0, 0, 0, 1, 0, 0.333333, 0.0192308, 0.5, 0, 0, 0.428571, 0, 0, 0.222222, 0.101124, 0.333333, 0.75, 1, '2024-06-30 19:16:33', '2024-06-30 19:16:33'),
(100, 101, 0.25, 0.25, 0, 0.5, 1, 0.25, 0.333333, 0.480769, 0.5, 0.333333, 0.333333, 0.857143, 0.428571, 0.4, 0.888889, 0.775281, 0.333333, 0.75, 0.949495, '2024-06-30 19:16:33', '2024-06-30 19:16:33'),
(101, 102, 0.25, 0.5, 0.4, 0.5, 1, 0.25, 0.333333, 0.307692, 0.5, 0.333333, 0.333333, 0.857143, 1, 0.0666667, 0.888889, 0.101124, 0.333333, 0.75, 0.939394, '2024-06-30 19:16:33', '2024-06-30 19:16:33'),
(102, 103, 0.5, 0.75, 0.4, 0, 1, 0.25, 0.333333, 0.307692, 0.5, 0.333333, 0, 0.571429, 0.428571, 0.133333, 0.666667, 0.101124, 0.333333, 0.75, 0.959596, '2024-06-30 19:16:33', '2024-06-30 19:16:33'),
(103, 104, 0.5, 0.25, 0, 0, 1, 0, 0.333333, 0.0192308, 0.5, 0.333333, 0, 0.428571, 0, 0, 0.222222, 0.101124, 0.333333, 0.75, 0.989899, '2024-06-30 19:16:33', '2024-06-30 19:16:33');

-- --------------------------------------------------------

--
-- Struktur dari tabel `smartphone`
--

CREATE TABLE `smartphone` (
  `id` int(11) UNSIGNED NOT NULL,
  `brand` varchar(100) NOT NULL,
  `merek` varchar(100) NOT NULL,
  `slug` varchar(100) NOT NULL,
  `gambar` varchar(255) NOT NULL,
  `dimensi` varchar(255) NOT NULL,
  `berat` varchar(255) NOT NULL,
  `build` varchar(255) NOT NULL,
  `lcd_type` varchar(255) NOT NULL,
  `lcd_size` varchar(255) NOT NULL,
  `lcd_resolusi` varchar(255) NOT NULL,
  `os` varchar(255) NOT NULL,
  `chipset` varchar(255) NOT NULL,
  `cpu` varchar(255) NOT NULL,
  `ram` varchar(255) NOT NULL,
  `rom` varchar(255) NOT NULL,
  `main_camera` varchar(255) NOT NULL,
  `main_type` varchar(255) NOT NULL,
  `main_video` varchar(255) NOT NULL,
  `front_camera` varchar(255) NOT NULL,
  `front_video` varchar(255) NOT NULL,
  `usb` varchar(255) NOT NULL,
  `battery_capacity` int(255) NOT NULL,
  `harga` int(255) NOT NULL,
  `created_at` datetime DEFAULT NULL,
  `updated_at` datetime DEFAULT NULL
) ENGINE=InnoDB DEFAULT CHARSET=utf8 COLLATE=utf8_general_ci;

--
-- Dumping data untuk tabel `smartphone`
--

INSERT INTO `smartphone` (`id`, `brand`, `merek`, `slug`, `gambar`, `dimensi`, `berat`, `build`, `lcd_type`, `lcd_size`, `lcd_resolusi`, `os`, `chipset`, `cpu`, `ram`, `rom`, `main_camera`, `main_type`, `main_video`, `front_camera`, `front_video`, `usb`, `battery_capacity`, `harga`, `created_at`, `updated_at`) VALUES
(2, 'ASUS', 'Zenfone 10', 'Zenfone_10-8-128-2024_06_26_16:05:59', 'Zenfone_10-8-128-1719392759_547022edd5b55bd781ca.png', '146.5 x 68.1 x 9.4 ', '172', 'ALUMUNIUM FRAME, PLASTIC BACK', 'SUPER AMOLED', '84.6', '1080 x 2400', 'Android 13', 'Snapdragon 8 Gen 2', 'OCTA-CORE', '8', '128', '50', 'DUAL', '8k 24fps, 4k 30/60fps', '32', '1080p 30fps', 'USB Type-C 2.0', 4300, 8999000, '2024-06-26 10:53:20', '2024-06-26 16:05:59'),
(3, 'ASUS', 'Zenfone 10', 'Zenfone_10-16-512-2024_06_26_16:06:30', 'Zenfone_10-16-512-1719392790_9a8d5491b1e98e947b5b.png', '146.5 x 68.1 x 9.4 ', '172', 'ALUMUNIUM FRAME, PLASTIC BACK', 'SUPER AMOLED', '84.6', '1080 x 2400', 'Android 13', 'Snapdragon 8 Gen 2', 'OCTA-CORE', '16', '512', '50', 'DUAL', '8k 24fps, 4k 30/60fps', '32', '1080p 30fps', 'USB Type-C 2.0', 4300, 11999000, '2024-06-26 10:53:20', '2024-06-26 16:06:30'),
(4, 'ASUS', 'ROG Phone 7 Ultimate', 'ROG_Phone_7_Ultimate-16-512-2024_06_26_16:06:55', 'ROG_Phone_7_Ultimate-16-512-1719392815_84abba458d3f4fc25fb1.png', '173 x 77 x 10.3', '239', 'ALUMUNIUM FRAME, GLASS BACK', 'AMOLED', '109.5', '1080 x 2448', 'Android 13', 'Snapdragon 8 Gen 2', 'OCTA-CORE', '16', '512', '50', 'TRIPLE', '8k 24fps, 4k 30/60fps, 1080p 30/60/120/240fps', '32', '1080p 30fps', 'USB Type-C 3.1', 6000, 23499000, '2024-06-26 10:53:20', '2024-06-26 16:06:55'),
(5, 'ASUS', 'ROG Phone 7', 'ROG_Phone_7-12-256-2024_06_26_16:07:25', 'ROG_Phone_7-12-256-1719392845_ed427062c7b4d76626b8.png', '173 x 77 x 10.3', '239', 'ALUMUNIUM FRAME, GLASS BACK', 'AMOLED', '109.5', '1080 x 2448', 'Android 13', 'Snapdragon 8 Gen 2', 'OCTA-CORE', '12', '256', '50', 'TRIPLE', '8k 24fps, 4k 30/60fps, 1080p 30/60/120/240fps', '32', '1080p 30fps', 'USB Type-C 3.1', 6000, 13499000, '2024-06-26 10:53:20', '2024-06-26 16:07:25'),
(6, 'ASUS', 'ROG Phone 7', 'ROG_Phone_7-16-512-2024_06_26_16:07:51', 'ROG_Phone_7-16-512-1719392871_723d93a8032d6863dfc3.png', '173 x 77 x 10.3', '239', 'ALUMUNIUM FRAME, GLASS BACK', 'AMOLED', '109.5', '1080 x 2448', 'Android 13', 'Snapdragon 8 Gen 2', 'OCTA-CORE', '16', '512', '50', 'TRIPLE', '8k 24fps, 4k 30/60fps, 1080p 30/60/120/240fps', '32', '1080p 30fps', 'USB Type-C 3.1', 6000, 26990000, '2024-06-26 10:53:20', '2024-06-26 16:07:51'),
(7, 'APPLE', 'Iphone 15 Pro Max', 'Iphone_15_Pro_Max-8-256-2024_06_26_15:58:18', 'Iphone_15_Pro_Max-8-256-1719392298_d5cd1e96531c94f9be70.png', '159.9 x 76.7 x 8.3', '221', 'TITANIUM FRAME, GLASS BACK', 'Super Retina XDR OLED', '110.2', '1290 x 2796', 'iOS 17', 'Apple A17 Pro', 'HEXA-CORE', '8', '256', '48', 'TRIPLE', '4k 24/25/30/60fps, 1080p 30/60/120/240fps', '12', '4k 24/25/30/60fps, 1080p 30/60/120/240fps', 'USB Type-C 3.2 Gen 2', 4441, 22999000, '2024-06-26 10:53:20', '2024-06-26 15:58:18'),
(8, 'APPLE', 'Iphone 15 Pro Max', 'Iphone_15_Pro_Max-8-512-2024_06_26_15:58:43', 'Iphone_15_Pro_Max-8-512-1719392323_f62b1e272dc8a401e43a.png', '159.9 x 76.7 x 8.3', '221', 'TITANIUM FRAME, GLASS BACK', 'Super Retina XDR OLED', '110.2', '1290 x 2796', 'iOS 17', 'Apple A17 Pro', 'HEXA-CORE', '8', '512', '48', 'TRIPLE', '4k 24/25/30/60fps, 1080p 30/60/120/240fps', '12', '4k 24/25/30/60fps, 1080p 30/60/120/240fps', 'USB Type-C 3.2 Gen 2', 4441, 27999000, '2024-06-26 10:53:20', '2024-06-26 15:58:43'),
(9, 'APPLE', 'Iphone 15 Pro Max', 'Iphone_15_Pro_Max-8-1000-2024_06_26_15:59:06', 'Iphone_15_Pro_Max-8-1000-1719392346_e848665457a37dc84948.png', '159.9 x 76.7 x 8.3', '221', 'TITANIUM FRAME, GLASS BACK', 'Super Retina XDR OLED', '110.2', '1290 x 2796', 'iOS 17', 'Apple A17 Pro', 'HEXA-CORE', '8', '1000', '48', 'TRIPLE', '4k 24/25/30/60fps, 1080p 30/60/120/240fps', '12', '4k 24/25/30/60fps, 1080p 30/60/120/240fps', 'USB Type-C 3.2 Gen 2', 4441, 31999000, '2024-06-26 10:53:20', '2024-06-26 15:59:06'),
(10, 'APPLE', 'Iphone 15 Pro', 'Iphone_15_Pro-8-128-2024_06_26_15:59:27', 'Iphone_15_Pro-8-128-1719392367_46d00f800030e6b47928.png', '146.6 x 70.6 x 8.3', '187', 'TITANIUM FRAME, GLASS BACK', 'Super Retina XDR OLED', '91.3', '1179 x 2556', 'iOS 17', 'Apple A17 Pro', 'HEXA-CORE', '8', '128', '48', 'TRIPLE', '4k 24/25/30/60fps, 1080p 30/60/120/240fps', '12', '4k 24/25/30/60fps, 1080p 30/60/120/240fps', 'USB Type-C 3.2 Gen 2', 3274, 18999000, '2024-06-26 10:53:20', '2024-06-26 15:59:27'),
(11, 'APPLE', 'Iphone 15 Pro', 'Iphone_15_Pro-8-256-2024_06_26_15:59:52', 'Iphone_15_Pro-8-256-1719392392_7dbf9b0905efaea09872.png', '146.6 x 70.6 x 8.3', '187', 'TITANIUM FRAME, GLASS BACK', 'Super Retina XDR OLED', '91.3', '1179 x 2556', 'iOS 17', 'Apple A17 Pro', 'HEXA-CORE', '8', '256', '48', 'TRIPLE', '4k 24/25/30/60fps, 1080p 30/60/120/240fps', '12', '4k 24/25/30/60fps, 1080p 30/60/120/240fps', 'USB Type-C 3.2 Gen 2', 3274, 21999000, '2024-06-26 10:53:20', '2024-06-26 15:59:52'),
(12, 'APPLE', 'Iphone 15 Pro', 'Iphone_15_Pro-8-512-2024_06_26_16:00:27', 'Iphone_15_Pro-8-512-1719392427_5e8213de31e9b012f334.png', '146.6 x 70.6 x 8.3', '187', 'TITANIUM FRAME, GLASS BACK', 'Super Retina XDR OLED', '91.3', '1179 x 2556', 'iOS 17', 'Apple A17 Pro', 'HEXA-CORE', '8', '512', '48', 'TRIPLE', '4k 24/25/30/60fps, 1080p 30/60/120/240fps', '12', '4k 24/25/30/60fps, 1080p 30/60/120/240fps', 'USB Type-C 3.2 Gen 2', 3274, 25999000, '2024-06-26 10:53:20', '2024-06-26 16:00:27'),
(13, 'APPLE', 'Iphone 15 Pro', 'Iphone_15_Pro-8-1000-2024_06_26_16:02:00', 'Iphone_15_Pro-8-1000-1719392520_559dcf0378198580fbde.png', '146.6 x 70.6 x 8.3', '187', 'TITANIUM FRAME, GLASS BACK', 'Super Retina XDR OLED', '91.3', '1179 x 2556', 'iOS 17', 'Apple A17 Pro', 'HEXA-CORE', '8', '1000', '48', 'TRIPLE', '4k 24/25/30/60fps, 1080p 30/60/120/240fps', '12', '4k 24/25/30/60fps, 1080p 30/60/120/240fps', 'USB Type-C 3.2 Gen 2', 3274, 29999000, '2024-06-26 10:53:20', '2024-06-26 16:02:00'),
(14, 'APPLE', 'Iphone 15 Plus', 'Iphone_15_Plus-8-128-2024_06_26_16:02:35', 'Iphone_15_Plus-8-128-1719392555_07b881729c0174504f63.png', '160.9 x 77.8 x 7.8', '201', 'ALUMUNIUM FRAME, GLASS BACK', 'Super Retina XDR OLED', '110.2', '1290 x 2796', 'iOS 17', 'Apple A16 Bionic', 'HEXA-CORE', '8', '128', '48', 'DUAL', '4k 24/25/30/60fps, 1080p 30/60/120/240fps', '12', '4k 24/25/30/60fps, 1080p 30/60/120fps', 'USB Type-C 2.0', 4382, 15999000, '2024-06-26 10:53:20', '2024-06-26 16:02:35'),
(15, 'APPLE', 'Iphone 15 Plus', 'Iphone_15_Plus-8-256-2024_06_26_16:03:01', 'Iphone_15_Plus-8-256-1719392581_86f06fb1d4422242cbff.png', '160.9 x 77.8 x 7.8', '201', 'ALUMUNIUM FRAME, GLASS BACK', 'Super Retina XDR OLED', '110.2', '1290 x 2796', 'iOS 17', 'Apple A16 Bionic', 'HEXA-CORE', '8', '256', '48', 'DUAL', '4k 24/25/30/60fps, 1080p 30/60/120/240fps', '12', '4k 24/25/30/60fps, 1080p 30/60/120fps', 'USB Type-C 2.0', 4382, 18999000, '2024-06-26 10:53:20', '2024-06-26 16:03:01'),
(16, 'APPLE', 'Iphone 15 Plus', 'Iphone_15_Plus-8-512-2024_06_26_16:03:25', 'Iphone_15_Plus-8-512-1719392605_f7b19634017193433476.png', '160.9 x 77.8 x 7.8', '201', 'TITANIUM FRAME, GLASS BACK', 'Super Retina XDR OLED', '110.2', '1290 x 2796', 'iOS 17', 'Apple A16 Bionic', 'HEXA-CORE', '8', '512', '48', 'DUAL', '4k 24/25/30/60fps, 1080p 30/60/120/240fps', '12', '4k 24/25/30/60fps, 1080p 30/60/120fps', 'USB Type-C 2.0', 4382, 22999000, '2024-06-26 10:53:20', '2024-06-26 16:03:25'),
(17, 'APPLE', 'Iphone 15', 'Iphone_15-8-128-2024_06_26_16:03:54', 'Iphone_15-8-128-1719392634_dc9366599bed2bb3fbaf.png', '147.6 x 71.6 x 7.8', '171', 'ALUMUNIUM FRAME, GLASS BACK', 'Super Retina XDR OLED', '91.3', '1179 x 2556', 'iOS 17', 'Apple A16 Bionic', 'HEXA-CORE', '8', '128', '48', 'DUAL', '4k 24/25/30/60fps, 1080p 30/60/120/240fps', '12', '4k 24/25/30/60fps, 1080p 30/60/120fps', 'USB Type-C 2.0', 3349, 15999000, '2024-06-26 10:53:20', '2024-06-26 16:03:54'),
(18, 'APPLE', 'Iphone 15', 'Iphone_15-8-256-2024_06_26_16:04:22', 'Iphone_15-8-256-1719392662_28c2de195bf9cc678ae5.png', '147.6 x 71.6 x 7.8', '171', 'ALUMUNIUM FRAME, GLASS BACK', 'Super Retina XDR OLED', '91.3', '1179 x 2556', 'iOS 17', 'Apple A16 Bionic', 'HEXA-CORE', '8', '256', '48', 'DUAL', '4k 24/25/30/60fps, 1080p 30/60/120/240fps', '12', '4k 24/25/30/60fps, 1080p 30/60/120fps', 'USB Type-C 2.0', 3349, 18999000, '2024-06-26 10:53:20', '2024-06-26 16:04:22'),
(19, 'APPLE', 'Iphone 15', 'Iphone_15-8-512-2024_06_26_16:04:55', 'Iphone_15-8-512-1719392695_1f51a538cfcd4afff2d4.png', '147.6 x 71.6 x 7.8', '171', 'ALUMUNIUM FRAME, GLASS BACK', 'Super Retina XDR OLED', '91.3', '1179 x 2556', 'iOS 17', 'Apple A16 Bionic', 'HEXA-CORE', '8', '512', '48', 'DUAL', '4k 24/25/30/60fps, 1080p 30/60/120/240fps', '12', '4k 24/25/30/60fps, 1080p 30/60/120fps', 'USB Type-C 2.0', 3349, 22999000, '2024-06-26 10:53:20', '2024-06-26 16:04:55'),
(20, 'SAMSUNG', 'Galaxy S24', 'samsung_galaxy-s24_8_512_15999000', '', '147 x 70.6 x 7.6', '167', 'TITANIUM FRAME, GLASS BACK', 'Dynamic LTPO AMOLED ', '94.4', '1080 x 2340', 'Android 14', 'Snapdragon 8 Gen 3', 'OCTA-CORE', '8', '512', '50', 'TRIPLE', '8k 24fps, 4k 30/60fps, 1080p 30/60/120/240fps', '12', '4k 30/60fps, 1080p 30fps', 'USB Type-C 3.2 Gen 2', 4000, 15999000, '2024-06-26 10:53:20', '2024-06-26 10:53:20'),
(21, 'SAMSUNG', 'Galaxy S24 Ultra', 'samsung_galaxy-s24-ultra_12_512_23999000', '', '162.3 x 79 x 8.6', '232', 'TITANIUM FRAME, GLASS BACK', 'Dynamic LTPO AMOLED ', '113.5', '1440 x 3120', 'Android 14', 'Snapdragon 8 Gen 3', 'OCTA-CORE', '12', '512', '200', 'QUAD', '8k 24/30fps, 4k 30/60/120fps, 1080p 30/60/240fps', '12', '4k 30/60fps, 1080p 30fps', 'USB Type-C 3.2 Gen 2', 5000, 23999000, '2024-06-26 10:53:20', '2024-06-26 10:53:20'),
(22, 'SAMSUNG', 'Galaxy S24 Ultra', 'samsung_galaxy-s24-ultra_12_1000_27999000', '', '162.3 x 79 x 8.6', '232', 'TITANIUM FRAME, GLASS BACK', 'Dynamic LTPO AMOLED ', '113.5', '1440 x 3120', 'Android 14', 'Snapdragon 8 Gen 3', 'OCTA-CORE', '12', '1000', '200', 'QUAD', '8k 24/30fps, 4k 30/60/120fps, 1080p 30/60/240fps', '12', '4k 30/60fps, 1080p 30fps', 'USB Type-C 3.2 Gen 2', 5000, 27999000, '2024-06-26 10:53:20', '2024-06-26 10:53:20'),
(23, 'SAMSUNG', 'Galaxy S24+(Online Exclusive)', 'samsung_galaxy-s24-plus(online-exclusive)_12_512_18999000', '', '158.5 x 75.9 x 7.7', '196', 'ALUMUNIUM FRAME, GLASS BACK', 'Dynamic LTPO AMOLED ', '110.2', '1440 x 3120', 'Android 14', 'Snapdragon 8 Gen 3', 'DECA-CORE', '12', '512', '50', 'TRIPLE', '8k 24/30fps, 4k 30/60fps, 1080p 30/60/240fps', '12', '4k 30/60fps, 1080p 30fps', 'USB Type-C 3.2 Gen 2', 4900, 18999000, '2024-06-26 10:53:20', '2024-06-26 10:53:20'),
(24, 'SAMSUNG', 'Galaxy S24 Ultra', 'samsung_galaxy-s24-ultra_12_256_21499000', '', '162.3 x 79 x 8.6', '232', 'TITANIUM FRAME, GLASS BACK', 'Dynamic LTPO AMOLED ', '113.5', '1440 x 3120', 'Android 14', 'Snapdragon 8 Gen 3', 'OCTA-CORE', '12', '256', '200', 'QUAD', '8k 24/30fps, 4k 30/60/120fps, 1080p 30/60/240fps', '12', '4k 30/60fps, 1080p 30fps', 'USB Type-C 3.2 Gen 2', 5000, 21499000, '2024-06-26 10:53:20', '2024-06-26 10:53:20'),
(25, 'SAMSUNG', 'Galaxy S23 FE', 'samsung_galaxy-s23-fe_8_256_9999000', '', '158 x 76.5 x 8.2', '209', 'ALUMUNIUM FRAME, GLASS BACK', 'Dynamic AMOLED', '100.5', '1080 x 2340', 'Android 13', 'Exynos 2200', 'OCTA-CORE', '8', '256', '50', 'TRIPLE', '8k 24fps, 4k 30/60fps, 1080p 30/60/120/240fps', '10', '4k 30/60fps, 1080p 30/60fps', 'USB Type-C 3.2 Gen 1', 4500, 9999000, '2024-06-26 10:53:20', '2024-06-26 10:53:20'),
(26, 'SAMSUNG', 'Galaxy S23 FE', 'samsung_galaxy-s23-fe_8_128_8999000', '', '158 x 76.5 x 8.2', '209', 'ALUMUNIUM FRAME, GLASS BACK', 'Dynamic AMOLED', '100.5', '1080 x 2340', 'Android 13', 'Exynos 2200', 'OCTA-CORE', '8', '128', '50', 'TRIPLE', '8k 24fps, 4k 30/60fps, 1080p 30/60/120/240fps', '10', '4k 30/60fps, 1080p 30/60fps', 'USB Type-C 3.2 Gen 1', 4500, 8999000, '2024-06-26 10:53:20', '2024-06-26 10:53:20'),
(27, 'SAMSUNG', 'Galaxy S23 Ultra', 'samsung_galaxy-s23-ultra_12_512_19999000', '', '163.4 x 78.1 x 8.9', '234', 'ALUMUNIUM FRAME, GLASS BACK', 'Dynamic AMOLED', '114.7', '1440 x 3088', 'Android 13', 'Snapdragon 8 Gen 2', 'OCTA-CORE', '12', '512', '200', 'QUAD', '8k 24/30fps, 4k 30/60fps, 1080p 30/60/240fps, 1080p 960fps', '12', '4k 30/60fps, 1080p 30fps', 'USB Type-C 3.2 Gen 1', 5000, 19999000, '2024-06-26 10:53:20', '2024-06-26 10:53:20'),
(28, 'SAMSUNG', 'Galaxy S23+', 'samsung_galaxy-s23-plus_8_256_15999000', '', '157.8 x 76.2 x 7.6', '196', 'ALUMUNIUM FRAME, GLASS BACK', 'Dynamic AMOLED', '105.3', '1080 x 2340', 'Android 13', 'Snapdragon 8 Gen 2', 'OCTA-CORE', '8', '256', '50', 'TRIPLE', '8k 24/30fps, 4k 30/60fps, 1080p 30/60/240fps, 1080p 960fps', '12', '4k 30/60fps, 1080p 30fps', 'USB Type-C 3.2 Gen 1', 4700, 15999000, '2024-06-26 10:53:20', '2024-06-26 10:53:20'),
(29, 'SAMSUNG', 'Galaxy S23', 'samsung_galaxy-s23_8_256_13999000', '', '146.3 x 70.9 x 7.6', '168', 'ALUMUNIUM FRAME, GLASS BACK', 'Dynamic AMOLED', '90.1', '1080 x 2340', 'Android 13', 'Snapdragon 8 Gen 2', 'OCTA-CORE', '8', '256', '50', 'TRIPLE', '8k 24/30fps, 4k 30/60fps, 1080p 30/60/240fps, 1080p 960fps', '12', '4k 30/60fps, 1080p 30fps', 'USB Type-C 3.2 Gen 1', 3900, 13999000, '2024-06-26 10:53:20', '2024-06-26 10:53:20'),
(30, 'SAMSUNG', 'Galaxy Z Flip5', 'samsung_galaxy-z-flip5_8_256_14999000', '', '165.1 x 71.9 x 6.9', '187', 'GLASS BACK, ALUMUNIUM FRAME', 'Dynamic AMOLED', '102.0', '1080 x 2640', 'Android 13', 'Snapdragon 8 Gen 2', 'OCTA-CORE', '8', '256', '12', 'DUAL', '4k 30/60fps, 1080p 60/240fps, 720p 960fps', '10', '4k 30fps', 'USB Type-C 3.2', 3700, 14999000, '2024-06-26 10:53:20', '2024-06-26 10:53:20'),
(31, 'SAMSUNG', 'Galaxy Z Flip5', 'samsung_galaxy-z-flip5_8_512_16499000', '', '165.1 x 71.9 x 6.9', '187', 'GLASS BACK, ALUMUNIUM FRAME', 'Dynamic AMOLED', '102.0', '1080 x 2640', 'Android 13', 'Snapdragon 8 Gen 2', 'OCTA-CORE', '8', '512', '12', 'DUAL', '4k 30/60fps, 1080p 60/240fps, 720p 960fps', '10', '4k 30fps', 'USB Type-C 3.2', 3700, 16499000, '2024-06-26 10:53:20', '2024-06-26 10:53:20'),
(32, 'SAMSUNG', 'Galaxy Z Fold5', 'samsung_galaxy-z-fold5_12_256_23499000', '', '154.9 x 129.9 x 6.1 ', '253 ', 'GLASS BACK, ALUMUNIUM FRAME', 'Dynamic AMOLED', '183.2 ', '1812 x 2176', 'Android 13', 'Snapdragon 8 Gen 2', 'OCTA-CORE', '12', '256', '50', 'TRIPLE', '8k 30fps, 4k 60fps, 1080p 60/240fps, 720p 960fps', '4', '4k 30/60fps, 1080p 30/60fps', 'USB Type-C 3.2', 4400, 23499000, '2024-06-26 10:53:20', '2024-06-26 10:53:20'),
(33, 'SAMSUNG', 'Galaxy Z Fold5', 'samsung_galaxy-z-fold5_12_512_24999000', '', '154.9 x 129.9 x 6.1 ', '253 ', 'GLASS BACK, ALUMUNIUM FRAME', 'Dynamic AMOLED', '183.2 ', '1812 x 2176', 'Android 13', 'Snapdragon 8 Gen 2', 'OCTA-CORE', '12', '512', '50', 'TRIPLE', '8k 30fps, 4k 60fps, 1080p 60/240fps, 720p 960fps', '4', '4k 30/60fps, 1080p 30/60fps', 'USB Type-C 3.2', 4400, 24999000, '2024-06-26 10:53:20', '2024-06-26 10:53:20'),
(34, 'SAMSUNG', 'Galaxy A05S', 'samsung_galaxy-a05s_6_128_2199000', '', '168 x 77.8 x 8.8', '194', 'PLASTIC BACK, PLASTIC FRAME', 'PLS LCD', '108.4', '1080 x 2400 ', 'Android 13', 'Snapdragon 680 4G', 'OCTA-CORE', '6', '128', '50', 'TRIPLE', '1080p 30/60fps', '13', '1080p 30fps', 'USB Type-C 2.0', 5000, 2199000, '2024-06-26 10:53:20', '2024-06-26 10:53:20'),
(35, 'SAMSUNG', 'Galaxy A15 5G', 'samsung_galaxy-a15-5g_8_256_3599000', '', '160.1 x 76.8 x 8.4', '200', 'PLASTIC BACK, PLASTIC FRAME', 'Super AMOLED', '103.7', '1080 x 2340', 'Android 14', 'Mediatek Dimensity 6100+', 'OCTA-CORE', '8', '256', '50', 'TRIPLE', '1080p 30fps', '13', '1080p 30fps', 'USB Type-C 2.0', 5000, 3599000, '2024-06-26 10:53:20', '2024-06-26 10:53:20'),
(36, 'SAMSUNG', 'Galaxy A25 5G', 'samsung_galaxy-a25-5g_8_128_3999000', '', '161 x 76.5 x 8.3', '197 ', 'PLASTIC BACK, PLASTIC FRAME', 'Super AMOLED', '103.7', '1080 x 2340', 'Android 14', 'Exynos 1280', 'OCTA-CORE', '8', '128', '50', 'TRIPLE', '4k 30fps, 1080p 30fps', '13', '1080p 30fps', 'USB Type-C 2.0', 5000, 3999000, '2024-06-26 10:53:20', '2024-06-26 10:53:20'),
(37, 'SAMSUNG', 'Galaxy A15', 'samsung_galaxy-a15_8_256_2999000', '', '160.1 x 76.8 x 8.4', '200', 'PLASTIC BACK, PLASTIC FRAME', 'Super AMOLED', '103.7 ', '1080 x 2340', 'Android 14', 'Mediatek Helio G99', 'OCTA-CORE', '8', '256', '50', 'TRIPLE', '1080p 30fps', '13', '1080p 30fps', 'USB Type-C 2.0', 5000, 2999000, '2024-06-26 10:53:20', '2024-06-26 10:53:20'),
(38, 'SAMSUNG', 'Galaxy A05', 'samsung_galaxy-a05_4_128_1599000', '', '168.8 x 78.2 x 8.8', '195 ', 'PLASTIC BACK, PLASTIC FRAME', 'PLS LCD', '108.4', '720 x 1600', 'Android 13', 'Helio G85', 'OCTA-CORE', '4', '128', '50', 'DUAL', '1080p 30/60fps', '8', 'null', 'USB Type-C 2.0', 5000, 1599000, '2024-06-26 10:53:20', '2024-06-26 10:53:20'),
(39, 'SAMSUNG', 'Galaxy A05', 'samsung_galaxy-a05_6_128_1899000', '', '168.8 x 78.2 x 8.8', '195 ', 'PLASTIC BACK, PLASTIC FRAME', 'PLS LCD', '108.4', '720 x 1600', 'Android 13', 'Helio G85', 'OCTA-CORE', '6', '128', '50', 'DUAL', '1080p 30/60fps', '8', 'null', 'USB Type-C 2.0', 5000, 1899000, '2024-06-26 10:53:20', '2024-06-26 10:53:20'),
(40, 'SAMSUNG', 'Galaxy M54 5G', 'samsung_galaxy-m54-5g_8_256_6499000', '', '164.9 x 77.3 x 8.4 ', '199', 'PLASTIC BACK, PLASTIC FRAME', 'Super AMOLED', '108.4', '1080 x 2400', 'Android 13', 'Exynos 1380', 'OCTA-CORE', '8', '256', '108', 'TRIPLE', '4k 30fps, 1080p 30/60fps', '32', '4k 30fps, 1080p 30fps', 'USB Type-C 2.0', 6000, 6499000, '2024-06-26 10:53:20', '2024-06-26 10:53:20'),
(41, 'XIAOMI', 'Xiaomi 14', 'xiaomi_xiaomi-14_12_256_11999000', '', '152.8 x 71.5 x 8.2', '188', 'GLASS BACK, ALUMUNIUM FRAME', 'LTPO OLED', '97.6', '1200 x 2670 ', 'Android 14', 'Snapdragon 8 Gen 3', 'OCTA-CORE', '12', '256', '50', 'TRIPLE', '8k 24fps, 4k 24/30/60fps, 1080p 30/60/120/240/960fps, 720p 1920fps', '32', '4k 30/60fps, 1080p 30/60fps', 'USB Type-C 3.2', 4610, 11999000, '2024-06-26 10:53:20', '2024-06-26 10:53:20'),
(42, 'XIAOMI', 'Xiaomi 13T', 'xiaomi_xiaomi-13t_12_256_6499000', '', '162.2 x 75.7 x 8.5', '193 ', 'GLASS BACK, PLASTIC FRAME', 'AMOLED', '107.4', '1220 x 2712', 'Android 13', 'Mediatek Dimensity 8200 Ultra', 'OCTA-CORE', '12', '256', '50', 'TRIPLE', '4k 30fps, 1080p 30/60/120fps', '20', '1080p 30fps', 'USB Type-C 2.0', 5000, 6499000, '2024-06-26 10:53:20', '2024-06-26 10:53:20'),
(43, 'REDMI', 'Redmi A3', 'redmi_redmi-a3_4_128_1199000', '', '168.3 x 76.3 x 8.3', '193', 'GLASS BACK, PLASTIC FRAME', 'IPS', '106.5', '720 x 1650', 'Android 14', 'Mediatek Helio G36', 'OCTA-CORE', '4', '128', '8', 'SINGGLE', '1080p 30fps', '5', '1080p 30fps', 'USB Type-C 2.0', 5000, 1199000, '2024-06-26 10:53:20', '2024-06-26 10:53:20'),
(44, 'REDMI', 'Redmi 13 C', 'redmi_redmi-13-c_6_128_1499000', '', '168 x 78 x 8.1', '192', 'PLASTIC BACK, PLASTIC FRAME', 'IPS', '109.7', '720 x 1600', 'Android 13', 'Helio G85', 'OCTA-CORE', '6', '128', '50', 'DUAL', '1080p 30fps', '8', '1080p 30fps', 'USB Type-C 2.0', 5000, 1499000, '2024-06-26 10:53:20', '2024-06-26 10:53:20'),
(45, 'REDMI', 'Redmi 13 C', 'redmi_redmi-13-c_8_256_1799000', '', '168 x 78 x 8.1', '192', 'PLASTIC BACK, PLASTIC FRAME', 'IPS', '109.7', '720 x 1600', 'Android 13', 'Helio G85', 'OCTA-CORE', '8', '256', '50', 'DUAL', '1080p 30fps', '8', '1080p 30fps', 'USB Type-C 2.0', 5000, 1799000, '2024-06-26 10:53:20', '2024-06-26 10:53:20'),
(46, 'REDMI', 'Redmi 12', 'redmi_redmi-12_8_128_1799000', '', '168.6 x 76.3 x 8.2 ', '198.5', 'PLASTIC FRAME, GLASS BACK', 'IPS', '109.5', '1080 x 2460', 'Android 13', 'Helio G88', 'OCTA-CORE', '8', '128', '50', 'TRIPLE', '1080p 30fps', '8', '1080p 30fps', 'USB Type-C 2.0', 5000, 1799000, '2024-06-26 10:53:20', '2024-06-26 10:53:20'),
(47, 'REDMI', 'Redmi 12', 'redmi_redmi-12_8_256_1999000', '', '168.6 x 76.3 x 8.2 ', '198.5', 'PLASTIC FRAME, GLASS BACK', 'IPS', '109.5', '1080 x 2460', 'Android 13', 'Helio G88', 'OCTA-CORE', '8', '256', '50', 'TRIPLE', '1080p 30fps', '8', '1080p 30fps', 'USB Type-C 2.0', 5000, 1999000, '2024-06-26 10:53:20', '2024-06-26 10:53:20'),
(48, 'REDMI', 'Redmi Note 13 Pro 5G', 'redmi_redmi-note-13-pro-5g_8_256_4399000', '', '161.2 x 74.2 x 8', '187', 'PLASTIC FRAME, GLASS BACK', 'AMOLED', '107.4', '1220 x 2712', 'Android 13', 'Snapdragon 7s Gen 2', 'OCTA-CORE', '8', '256', '200', 'TRIPLE', '4k 30fps, 1080p 30/60/120fps', '16', '1080p 30/60fps', 'USB Type-C 2.0', 5100, 4399000, '2024-06-26 10:53:20', '2024-06-26 10:53:20'),
(49, 'ASUS', 'ROG Phone 8 Pro', 'ROG_Phone_8_Pro-16-512-2024_06_26_16:08:46', 'ROG_Phone_8_Pro-16-512-1719392926_ab73f22860a3879d3643.png', '163.8 x 76.8 x 8.9 ', '225', 'ALUMUNIUM FRAME, GLASS BACK', 'LTPO AMOLED', '111.0', '1080 x 2400', 'Android 14', 'Snapdragon 8 Gen 3', 'OCTA-CORE', '16', '512', '50', 'TRIPLE', '8k 24fps, 4k 30/60fps, 1080p 30/60/120/240fps', '32', '1080p 30fps', 'USB Type-C 3.2 Gen 2', 5500, 14999000, '2024-06-26 10:53:20', '2024-06-26 16:08:46'),
(50, 'ASUS', 'ROG Phone 8', 'ROG_Phone_8-12-256-2024_06_26_16:09:15', 'ROG_Phone_8-12-256-1719392955_61064659aa718e6ba52c.png', '163.8 x 76.8 x 8.9', '225', 'ALUMUNIUM FRAME, GLASS BACK', 'LTPO AMOLED', '111.0', '1080 x 2400', 'Android 14', 'Snapdragon 8 Gen 3', 'OCTA-CORE', '12', '256', '50', 'TRIPLE', '8k 24fps, 4k 30/60fps, 1080p 30/60/120/240fps', '32', '1080p 30fps', 'USB Type-C 3.2 Gen 2', 5500, 10999000, '2024-06-26 10:53:20', '2024-06-26 16:09:15'),
(51, 'REALME', 'Realme 10 Pro 5G', 'Realme_10_Pro_5G-8-128-2024_06_30_23:31:27', 'Realme_10_Pro_5G-8-128-1719765087_c4e87e5646074ef6cc8f.png', '163.7 x 74.2 x 8.1', '190', 'PLASTIC FRAME, PLASTIC BACK', 'IPS', '109.0', '1080 x 2400', 'Android 13', 'Snapdragon 695 5G', 'OCTA-CORE', '8', '128', '108', 'DUAL', '1080p 30fps', '16', '1080p 30fps', 'USB Type-C 2.0', 5000, 4299000, '2024-06-26 10:53:20', '2024-06-30 23:31:27'),
(52, 'REALME', 'Realme 10 Pro+ 5G', 'Realme_10_Proplus_5G-8-256-2024_06_30_23:49:10', 'Realme_10_Pro+_5G-8-256-1719766150_82add0ccd3aef68fcb4c.png', '161.5 x 73.9 x 7.8', '173', 'PLASTIC FRAME, PLASTIC BACK', 'IPS', '108.0', '1080 x 2412', 'Android 13', 'Mediatek Dimensity 1080', 'OCTA-CORE', '8', '256', '108', 'TRIPLE', '4k 30fps, 1080p 30/60/120/480fps, 720p 960fps', '16', '1080p 30fps', 'USB Type-C 2.0', 5000, 5999000, '2024-06-26 10:53:20', '2024-06-30 23:49:10'),
(53, 'REALME', 'Realme 10 Pro+ 5G', 'Realme_10_Pro_plus_5G-12-512-2024_06_30_23:55:39', 'Realme_10_Proplus_5G-12-512-1719765966_acc128ae4e55b76f129e.png', '161.5 x 73.9 x 7.8', '173', 'PLASTIC FRAME, PLASTIC BACK', 'AMOLED', '108.0', '1080 x 2412', 'Android 13', 'Mediatek Dimensity 1080', 'OCTA-CORE', '12', '512', '108', 'TRIPLE', '4k 30fps, 1080p 30/60/120/480fps, 720p 960fps', '16', '1080p 30fps', 'USB Type-C 2.0', 5000, 6999000, '2024-06-26 10:53:20', '2024-06-30 23:55:39'),
(54, 'REALME', 'Realme C55 NFC', 'Realme_C55_NFC-6-128-2024_06_30_23:57:53', 'Realme_C55_NFC-6-128-1719766673_fdc069e736c4eb3d62d5.png', '165.5 x 75.9 x 7.9', '189.5', 'PLASTIC FRAME, PLASTIC BACK', 'IPS', '109.0', '1080 x 2400', 'Android 13', 'Mediatek MT6769H Helio G88', 'OCTA-CORE', '6', '128', '64', 'DUAL', '1080p 30fps', '8', '1080p 30fps', 'USB Type-C 2.0', 5000, 2299000, '2024-06-26 10:53:20', '2024-06-30 23:57:53'),
(55, 'REALME', 'Realme C53 NFC', 'Realme_C53_NFC-6-128-2024_07_01_00:00:04', 'Realme_C53_NFC-6-128-1719766804_f4397636a15a884f464c.png', '167.3 x 76,7 x 7.5', '182', 'PLASTIC FRAME, PLASTIC BACK', 'IPS', '108.7', '1080 x 2400', 'Android 13', 'Unisoc Tiger T612', 'OCTA-CORE', '6', '128', '50', 'DUAL', '1080p 30fps', '8', '720p 30fps', 'USB Type-C 2.0', 5000, 1999000, '2024-06-26 10:53:20', '2024-07-01 00:00:04'),
(56, 'REALME', 'Realme C53 NFC', 'Realme_C53_NFC-8-256-2024_07_01_00:00:34', 'Realme_C53_NFC-8-256-1719766834_8987fce11ee2011c15f9.png', '167.3 x 76,7 x 7.5', '182', 'PLASTIC FRAME, PLASTIC BACK', 'IPS', '108.7', '1080 x 2400', 'Android 13', 'Unisoc Tiger T612', 'OCTA-CORE', '8', '256', '50', 'DUAL', '1080p 30fps', '8', '720p 30fps', 'USB Type-C 2.0', 5000, 2299000, '2024-06-26 10:53:20', '2024-07-01 00:00:34'),
(57, 'REALME', 'Realme 11 Pro 5G', 'Realme_11_Pro_5G-8-256-2024_07_01_00:02:30', 'Realme_11_Pro_5G-8-256-1719766950_a5cb194a68aa156a2577.png', '161.7 x 73.9 x 8.2', '183', 'PLASTIC BACK, PLASTIC FRAME', 'AMOLED', '108.0', '1080 x 2412', 'Android 13', 'Mediatek Dimensity 7050', 'OCTA-CORE', '8', '256', '100', 'DUAL', '4k 30fps, 1080p 30/60/120/480fps, 720p 960fps', '16', '1080p 30fps', 'USB Type-C 2.0', 5000, 4599000, '2024-06-26 10:53:20', '2024-07-01 00:02:30'),
(58, 'REALME', 'Realme 11 Pro+ 5G', 'Realme_11_Pro_plus_5G-12-512-2024_07_01_00:04:01', 'Realme_11_Pro+_5G-12-512-1719767041_76a6e7174629efa4ec5b.png', '161.1 x 73.9 x 8.2', '183', 'PLASTIC BACK, PLASTIC FRAME', 'AMOLED', '108.0', '1080 x 2412', 'Android 13', 'Mediatek Dimensity 7050', 'OCTA-CORE', '12', '512', '200', 'TRIPLE', '4k 30fps, 1080p 30/60/120/480fps, 720p 960fps', '32', '1080p 30fps', 'USB Type-C 2.0', 5000, 6599000, '2024-06-26 10:53:20', '2024-07-01 00:04:01'),
(59, 'REALME', 'Realme C51 NFC', 'Realme_C51_NFC-4-128-2024_07_01_00:05:24', 'Realme_C51_NFC-4-128-1719767124_efb9cb8723ce3b50a401.png', '167.2 x 76.7 x 8', '186', 'PLASTIC FRAME, PLASTIC BACK', 'IPS', '109.7', '720 x 1600', 'Android 13', 'Unisoc Tiger T612', 'OCTA-CORE', '4', '128', '50', 'SINGGLE', '1080p 30fps', '5', '720p 30fps', 'USB Type-C 2.0', 5000, 1699000, '2024-06-26 10:53:20', '2024-07-01 00:05:25'),
(60, 'REALME', 'Realme 11 NFC', 'realme_realme-11-nfc_8_256_3299000', '', '159 .9 x 73.3 x 8', '178', 'PLASTIC FRAME, PLASTIC BACK', 'SUPER AMOLED', '98.9', '1080 x 2400', 'Android 12', 'Mediatek Helio G99', 'OCTA-CORE', '8', '256', '108', 'DUAL', '1080p 30fps', '16', '1080p 30fps', 'USB Type-C 2.0', 5000, 3299000, '2024-06-26 10:53:20', '2024-06-26 10:53:20'),
(61, 'REALME', 'Realme C67', 'realme_realme-c67_8_128_2399000', '', '165.7 x 76 x 7.9', '190', 'PLASTIC FRAME, PLASTIC BACK', 'IPS', '109.0', '1080 x 2400', 'Android 13', 'Mediatek Dimensity 6100+', 'OCTA-CORE', '8', '128', '50', 'DUAL', '1080p 30fps', '8', '1080p 30fps', 'USB Type-C 2.0', 5000, 2399000, '2024-06-26 10:53:20', '2024-06-26 10:53:20'),
(62, 'REALME', 'Realme C67', 'realme_realme-c67_8_256_2799000', '', '165.7 x 76 x 7.9', '190', 'PLASTIC FRAME, PLASTIC BACK', 'IPS', '109.0', '1080 x 2400', 'Android 13', 'Mediatek Dimensity 6100+', 'OCTA-CORE', '8', '256', '50', 'DUAL', '1080p 30fps', '8', '1080p 30fps', 'USB Type-C 2.0', 5000, 2799000, '2024-06-26 10:53:20', '2024-06-26 10:53:20'),
(63, 'REALME', 'Realme 12 Pro + 5G', 'realme_realme-12-pro-plus-5g_8_256_5999000', '', '161.5 x 74 x 8.8', '196', 'SILICONE POLYMER BACK, PLASTIC BACK', 'AMOLED', '108.0', '1080 x 2412', 'Android 14', 'Snapdragon 7s Gen 2', 'OCTA-CORE', '8', '256', '50', 'TRIPLE', '4k 30fps, 1080p 30/60/120fps', '32', '1080p 30fps', 'USB Type-C 2.0', 5000, 5999000, '2024-06-26 10:53:20', '2024-06-26 10:53:20'),
(64, 'REALME', 'Realme 12 Pro + 5G', 'realme_realme-12-pro-plus-5g_12_512_6999000', '', '161.5 x 74 x 8.8', '196', 'SILICONE POLYMER BACK, PLASTIC BACK', 'AMOLED', '108.0', '1080 x 2412', 'Android 14', 'Snapdragon 7s Gen 2', 'OCTA-CORE', '12', '512', '50', 'TRIPLE', '4k 30fps, 1080p 30/60/120fps', '32', '1080p 30fps', 'USB Type-C 2.0', 5000, 6999000, '2024-06-26 10:53:20', '2024-06-26 10:53:20'),
(65, 'REALME', 'Realme Note 5G', 'realme_realme-note-5g_4_128_1549000', '', '167.2 x  76.7 x 8', '186', 'PLASTIC FRAME, PLASTIC BACK', 'IPS', '109.7', '720 x 1600', 'Android 13', 'Unisoc Tiger T612', 'OCTA-CORE', '4', '128', '13', 'SINGGLE', '1080p 30fps', '5', '720p 30fps', 'USB Type-C 2.0', 5000, 1549000, '2024-06-26 10:53:20', '2024-06-26 10:53:20'),
(66, 'REALME', 'Realme 12+ 5G', 'realme_realme-12-plus-5g_8_256_4199000', '', '163 x 75.5 x 7.9', '190', 'PLASTIC FRAME, SILICONE POLYMER BACK', 'AMOLED', '107.4', '1080 x 2400', 'Android 14', 'Mediatek Dimensity 7050', 'OCTA-CORE', '8', '256', '50', 'TRIPLE', '4k 30fps, 1080p 30/60fps', '16', '1080p 30fps', 'USB Type-C 2.0', 5000, 4199000, '2024-06-26 10:53:20', '2024-06-26 10:53:20'),
(67, 'REALME', 'Realme 12+ 5G', 'realme_realme-12-plus-5g_12_512_4999000', '', '163 x 75.5 x 7.9', '190', 'PLASTIC FRAME, SILICONE POLYMER BACK', 'AMOLED', '107.4', '1080 x 2400', 'Android 14', 'Mediatek Dimensity 7050', 'OCTA-CORE', '12', '512', '50', 'TRIPLE', '4k 30fps, 1080p 30/60fps', '16', '1080p 30fps', 'USB Type-C 2.0', 5000, 4999000, '2024-06-26 10:53:20', '2024-06-26 10:53:20'),
(68, 'OPPO', 'Find N3 Flip', 'Find_N3_Flip-12-256-2024_06_30_23:07:56', 'Find_N3_Flip-12-256-1719763676_b4fdc77cc7e3b91a13a1.png', '166.4 x 75.8 x 7.8', '198', 'GLASS BACK, ALUMUNIUM FRAME', 'AMOLED', '108.0', '1080 x 2520', 'Android 13', 'Mediatek Dimensity 9200', 'OCTA-CORE', '12', '256', '50', 'TRIPLE', '4k 30fps, 1080p 30/60/240fps', '32', '4k 30fps, 1080p 30fps', 'USB Type-C 2.0', 4300, 14499000, '2024-06-26 10:53:20', '2024-06-30 23:07:56'),
(69, 'OPPO', 'Find N3', 'Find_N3-16-512-2024_06_30_23:11:34', 'Find_N3-16-512-1719763894_6c6d40464890b920ae53.png', '153.4 x 143.1 x 5.8', '245', 'GLASS BACK, ALUMUNIUM FRAME', 'LTPO3 OLED', '196.7', '2268 x 2440', 'Android 13', 'Snapdragon 8 Gen 2', 'OCTA-CORE', '16', '512', '48', 'TRIPLE', '4k 30/60fps, 1080p 30/60/240fps', '20', '4k 30fps, 1080p 30fps', 'USB Type-C 2.0', 4805, 26999000, '2024-06-26 10:53:20', '2024-06-30 23:11:34'),
(70, 'OPPO', 'Reno 11 Pro', 'Reno_11_Pro-12-512-2024_06_30_23:14:03', 'Reno_11_Pro-12-512-1719764043_51c8a036466e50c0afbc.png', '162.4 x 74.1 x 7.6', '181', 'GLASS BACK, PLASTIC FRAME', 'AMOLED', '108.0', '1080 x 2412', 'Android 14', 'Mediatek Dimensity 8200', 'OCTA-CORE', '12', '512', '50', 'TRIPLE', '4k 30/60fps, 1080p 30/60/120/480fps', '32', '4k 30fps, 1080p 30fps', 'USB Type-C 2.0', 4600, 8999000, '2024-06-26 10:53:20', '2024-06-30 23:14:03'),
(71, 'OPPO', 'Reno 11', 'Reno_11-8-256-2024_06_30_23:16:00', 'Reno_11-8-256-1719764160_e35998b3d336b24088b1.png', '162.4 x 74.3 x 7.9', '182', 'GLASS BACK, PLASTIC FRAME', 'AMOLED', '108.0', '1080 x 2412', 'Android 14', 'Mediatek Dimensity 7050', 'OCTA-CORE', '8', '256', '50', 'TRIPLE', '4k 30/60fps, 1080p 30/60/120/480fps', '32', '4k 30fps, 1080p 30fps', 'USB Type-C 2.0', 5000, 5599000, '2024-06-26 10:53:20', '2024-06-30 23:16:00'),
(72, 'OPPO', 'Reno 11 F', 'Reno_11_F-8-256-2024_06_30_23:17:07', 'Reno_11_F-8-256-1719764227_748fcdaae5cf856ccf47.png', '161.1 x 74.7 x 7.5', '177', 'GLASS BACK, PLASTIC FRAME', 'AMOLED', '108.0', '1080 x 2412', 'Android 14', 'Mediatek Dimensity 7050', 'OCTA-CORE', '8', '256', '64', 'TRIPLE', '4k 30fps, 1080p 30/60/120/480fps', '32', '4k 30fps, 1080p 30fps', 'USB Type-C 2.0', 5000, 4399000, '2024-06-26 10:53:20', '2024-06-30 23:17:07'),
(73, 'OPPO', 'Reno 10', 'Reno_10-8-256-2024_06_30_23:19:15', 'Reno_10-8-256-1719764355_4b5cc3898a9cf652848a.png', '162.4 x 74.2 x 8', '185', 'GLASS BACK, PLASTIC FRAME', 'AMOLED', '108.0', '1080 x 2412', 'Android 13', 'Mediatek Dimensity 7050', 'OCTA-CORE', '8', '256', '64', 'TRIPLE', '4k 30fps, 1080p 30/60/120/480fps', '32', '1080p 30fps', 'USB Type-C 2.0', 5000, 5399000, '2024-06-26 10:53:20', '2024-06-30 23:19:15'),
(74, 'OPPO', 'OPPO A98', 'OPPO_A98-8-256-2024_06_30_23:21:49', 'OPPO_A98-8-256-1719764509_84488630a2ba2fd92b7c.png', '165.6 x 76.1 x 8.2', '192', 'GLASS BACK, PLASTIC FRAME', 'IPS', '109.0', '1080 x 2400', 'Android 13', 'Snapdragon 695 5G', 'OCTA-CORE', '8', '256', '64', 'DUAL', '1080p 30fps', '32', '1080p 30fps', 'USB Type-C 2.0', 5000, 3689000, '2024-06-26 10:53:20', '2024-06-30 23:21:49'),
(75, 'OPPO', 'OPPO A79', 'OPPO_A79-8-256-2024_06_30_23:23:19', 'OPPO_A79-8-256-1719764599_e0a5cc968efe67005c54.png', '165.6 x 76 x 8', '192', 'GLASS BACK, PLASTIC FRAME', 'IPS', '109.0', '1080 x 2400', 'Android 13', 'Mediatek Dimensity 6020', 'OCTA-CORE', '8', '256', '50', 'DUAL', '1080p 30fps', '8', '1080p 30fps', 'USB Type-C 2.0', 5000, 3599000, '2024-06-26 10:53:20', '2024-06-30 23:23:19'),
(76, 'VIVO', 'Vivo X100 Pro', 'vivo_vivo-x100-pro_16_512_16999000', '', '164.1 x 75.3 x 8.9', '225', 'ALUMUNIUM FRAME, GLASS BACK', 'LTPO AMOLED', '111.5', '1260 x 2800', 'Android 14', 'Mediatek Dimensity 9300', 'OCTA-CORE', '16', '512', '62', 'TRIPLE', '8k 30fps, 4k 30/60fps', '32', '4k 30/60fps, 1080p 30/60fps', 'USB Type-C 3.2', 5400, 16999000, '2024-06-26 10:53:20', '2024-06-26 10:53:20'),
(77, 'VIVO', 'Vivo Y28', 'vivo_vivo-y28_8_128_2599000', '', '163.7 x 75.4 x 8.1', '186 ', 'PLASTIC BACK,  PLASTIC FRAME', 'IPS', '103.4', '720 x 1612', 'Android 13', 'Mediatek Dimensity 6020', 'OCTA-CORE', '8', '128', '50', 'DUAL', '1080p 30fps', '8', '1080p 30fps', 'USB Type-C 2.0', 5000, 2599000, '2024-06-26 10:53:20', '2024-06-26 10:53:20'),
(78, 'VIVO', 'Vivo Y28', 'vivo_vivo-y28_8_256_2999000', '', '163.7 x 75.4 x 8.1', '186 ', 'PLASTIC BACK,  PLASTIC FRAME', 'IPS', '103.4', '720 x 1612', 'Android 13', 'Mediatek Dimensity 6020', 'OCTA-CORE', '8', '256', '50', 'DUAL', '1080p 30fps', '8', '1080p 30fps', 'USB Type-C 2.0', 5000, 2999000, '2024-06-26 10:53:20', '2024-06-26 10:53:20'),
(79, 'VIVO', 'Vivo Y27s', 'vivo_vivo-y27s_8_256_2699000', '', '164.1 x 76.2 x 8.2', '192', 'PLASTIC FRAME, PLASTIC BACK', 'IPS', '106.8', '1080 x 2388', 'Android 13', 'Snapdragon 680 4G', 'OCTA-CORE', '8', '256', '50', 'DUAL', '1080p 30fps', '8', '1080p 30fps', 'USB Type-C 2.0', 5000, 2699000, '2024-06-26 10:53:20', '2024-06-26 10:53:20'),
(80, 'VIVO', 'Vivo Y100 5G', 'vivo_vivo-y100-5g_8_128_3599999', '', '163.2 x 75.8 x 7.8', '191', 'PLASTIC FRAME, SILICONE POLYMER BACK', 'AMOLED', '107.4', '1080 x 2400', 'Android 14', 'Snapdragon 4 Gen 2', 'OCTA-CORE', '8', '128', '50', 'DUAL', '1080p 30fps', '8', '1080p 30fps', 'USB Type-C 2.0', 5000, 3599999, '2024-06-26 10:53:20', '2024-06-26 10:53:20'),
(81, 'VIVO', 'Vivo Y100 5G', 'vivo_vivo-y100-5g_8_256_3899999', '', '163.2 x 75.8 x 7.8', '191', 'PLASTIC FRAME, SILICONE POLYMER BACK', 'AMOLED', '107.4', '1080 x 2400', 'Android 14', 'Snapdragon 4 Gen 2', 'OCTA-CORE', '8', '256', '50', 'DUAL', '1080p 30fps', '8', '1080p 30fps', 'USB Type-C 2.0', 5000, 3899999, '2024-06-26 10:53:20', '2024-06-26 10:53:20'),
(82, 'VIVO', 'Vivo Y100', 'vivo_vivo-y100_8_128_3099000', '', '163.2 x 75.8 x 7.8', '196', 'PLASTIC FRAME, SILICONE POLYMER BACK', 'AMOLED', '107.4', '1080 x 2400', 'Android 14', 'Snapdragon 685', 'OCTA-CORE', '8', '128', '50', 'DUAL', '1080p 30fps', '8', '1080p 30fps', 'USB Type-C 2.0', 5000, 3099000, '2024-06-26 10:53:20', '2024-06-26 10:53:20'),
(83, 'VIVO', 'Vivo Y100', 'vivo_vivo-y100_8_256_3399000', '', '163.2 x 75.8 x 7.8', '196', 'PLASTIC FRAME, SILICONE POLYMER BACK', 'AMOLED', '107.4', '1080 x 2400', 'Android 14', 'Snapdragon 685', 'OCTA-CORE', '8', '256', '50', 'DUAL', '1080p 30fps', '8', '1080p 30fps', 'USB Type-C 2.0', 5000, 3399000, '2024-06-26 10:53:20', '2024-06-26 10:53:20'),
(84, 'VIVO', 'Vivo V29e 5G', 'vivo_vivo-v29e-5g_8_256_4399000', '', '162.4 x 74.9 x 7.7', '190', 'PLASTIC FRAME, GLASS BACK', 'AMOLED', '107.4', '1080 x 2400', 'Android 13', 'Snapdragon 695 5G', 'OCTA-CORE', '8', '256', '64', 'DUAL', '1080p 30fps', '50', '1080p 30fps', 'USB Type-C 2.0', 4800, 4399000, '2024-06-26 10:53:20', '2024-06-26 10:53:20'),
(85, 'VIVO', 'Vivo Y17s', 'vivo_vivo-y17s_4_64_1399000', '', '163.7 x 75.4 x 8.1', '186', 'PLASTIC FRAME, PLASTIC BACK', 'IPS', '103.4', '720 x 1612', 'Android 13', 'Mediatek MT6769 Helio G85', 'OCTA-CORE', '4', '64', '50', 'DUAL', '1080p 30fps', '8', '1080p 30fps', 'USB Type-C 2.0', 5000, 1399000, '2024-06-26 10:53:20', '2024-06-26 10:53:20'),
(86, 'VIVO', 'Vivo Y17s', 'vivo_vivo-y17s_4_128_1599000', '', '163.7 x 75.4 x 8.1', '186', 'PLASTIC FRAME, PLASTIC BACK', 'IPS', '103.4', '720 x 1612', 'Android 13', 'Mediatek MT6769 Helio G85', 'OCTA-CORE', '4', '128', '50', 'DUAL', '1080p 30fps', '8', '1080p 30fps', 'USB Type-C 2.0', 5000, 1599000, '2024-06-26 10:53:20', '2024-06-26 10:53:20'),
(87, 'VIVO', 'Vivo V29', 'vivo_vivo-v29_8_256_5999000', '', '164.2 x 74.4 x 7.5', '186', 'GLASS BACK, PLASTIC FRAME', 'AMOLED', '111.0', '1260 x 2800', 'Android 13', 'Snapdragon 778G 5G', 'OCTA-CORE', '8', '256', '50', 'TRIPLE', '4k 30fps, 1080p 30fps', '50', '1080p 30fps', 'USB Type-C 2.0', 4600, 5999000, '2024-06-26 10:53:20', '2024-06-26 10:53:20'),
(88, 'VIVO', 'Vivo V29', 'vivo_vivo-v29_12_512_6999000', '', '164.2 x 74.4 x 7.5', '186', 'GLASS BACK, PLASTIC FRAME', 'AMOLED', '111.0', '1260 x 2800', 'Android 13', 'Snapdragon 778G 5G', 'OCTA-CORE', '12', '512', '50', 'TRIPLE', '4k 30fps, 1080p 30fps', '50', '1080p 30fps', 'USB Type-C 2.0', 4600, 6999000, '2024-06-26 10:53:20', '2024-06-26 10:53:20'),
(89, 'VIVO', 'Vivo Y27', 'vivo_vivo-y27_6_128_1749000', '', '164.1 x 76.2 x 8.1', '190', 'PLASTIC FRAME, PLASTIC BACK', 'IPS', '106.8', '1080 x 2388', 'Android 13', 'Mediatek MT6769 Helio G85', 'OCTA-CORE', '6', '128', '50', 'DUAL', '1080p 30fps', '50', '1080p 30fps', 'USB Type-C 2.0', 5000, 1749000, '2024-06-26 10:53:20', '2024-06-26 10:53:20'),
(90, 'VIVO', 'Vivo Y27 5G', 'vivo_vivo-y27-5g_6_128_2599000', '', '164.1 x 76.2 x 8.1', '190', 'PLASTIC FRAME, PLASTIC BACK', 'IPS', '106.8', '1080 x 2388', 'Android 13', 'Mediatek Dimensity 6020', 'OCTA-CORE', '6', '128', '50', 'DUAL', '1080p 30fps', '50', '1080p 30fps', 'USB Type-C 2.0', 5000, 2599000, '2024-06-26 10:53:20', '2024-06-26 10:53:20'),
(91, 'VIVO', 'Vivo Y02t', 'vivo_vivo-y02t_4_64_1199000', '', '164 x 75.6 x 8.5', '186', 'PLASTIC BACK, PLASTIC FRAME', 'IPS', '102.3', '720 x 1600', 'Android 13', 'Mediatek MT6765 Helio P35', 'OCTA-CORE', '4', '64', '8', 'SINGGLE', '1080p 30fps', '5', 'null', 'microUSB 2.0', 5000, 1199000, '2024-06-26 10:53:20', '2024-06-26 10:53:20'),
(92, 'POCO', 'Poco F5', 'Poco_F5-12-256-2024_06_30_23:24:46', 'Poco_F5-12-256-1719764686_e4ce905fd3e70d28d659.png', '161.1 x 75 x 7.9', '181', 'PLASTIC BACK, PLASTIC FRAME', 'AMOLED', '107.4', '1080 x 2400', 'Android 13', 'Snapdragon 7+ Gen 2', 'OCTA-CORE', '12', '256', '64', 'TRIPLE', '4k 30fps, 1080p 30/60/120fps', '16', '1080p 30/60fps', 'USB Type-C 2.0', 5000, 5499000, '2024-06-26 10:53:21', '2024-06-30 23:24:46'),
(93, 'POCO', 'Poco F5', 'Poco_F5-8-256-2024_06_30_23:25:11', 'Poco_F5-8-256-1719764711_bc18b49fc3e530852a66.png', '161.1 x 75 x 7.9', '181', 'PLASTIC BACK, PLASTIC FRAME', 'AMOLED', '107.4', '1080 x 2400', 'Android 13', 'Snapdragon 7+ Gen 2', 'OCTA-CORE', '8', '256', '64', 'TRIPLE', '4k 30fps, 1080p 30/60/120fps', '16', '1080p 30/60fps', 'USB Type-C 2.0', 5000, 4999000, '2024-06-26 10:53:21', '2024-06-30 23:25:11'),
(94, 'POCO', 'Poco X5 Pro', 'Poco_X5_Pro-6-128-2024_06_30_23:26:15', 'Poco_X5_Pro-6-128-1719764775_827fbfd105fef432ac74.png', '162.9 x 76 x 7.9', '181 ', 'PLASTIC BACK, PLASTIC FRAME', 'AMOLED', '107.4', '1080 x 2400', 'Android 12', 'Snapdragon 778G 5G', 'OCTA-CORE', '6', '128', '108', 'TRIPLE', '4k 30fps, 1080p 30/60/120fps', '16', '1080p 30/60fps', 'USB Type-C 2.0', 5000, 3499000, '2024-06-26 10:53:21', '2024-06-30 23:26:15'),
(95, 'POCO', 'Poco X5 Pro', 'Poco_X5_Pro-8-256-2024_06_30_23:26:38', 'Poco_X5_Pro-8-256-1719764798_d3a3780b64998bf36509.png', '162.9 x 76 x 7.9', '181 ', 'PLASTIC BACK, PLASTIC FRAME', 'AMOLED', '107.4', '1080 x 2400', 'Android 12', 'Snapdragon 778G 5G', 'OCTA-CORE', '8', '256', '108', 'TRIPLE', '4k 30fps, 1080p 30/60/120fps', '16', '1080p 30/60fps', 'USB Type-C 2.0', 5000, 3999000, '2024-06-26 10:53:21', '2024-06-30 23:26:39'),
(96, 'POCO', 'Poco X5', 'Poco_X5-6-128-2024_06_30_23:28:14', 'Poco_X5-6-128-1719764894_57de5cfd5a5f6242987e.png', '165.9 x 76.2 x 8 ', '189', 'PLASTIC BACK, PLASTIC FRAME', 'SUPER AMOLED', '107.4', '1080 x 2400', 'Android 12', 'Snapdragon 695 5G', 'OCTA-CORE', '6', '128', '48', 'TRIPLE', '1080p 30fps', '13', '1080p 30fps', 'USB Type-C 2.0', 5000, 2499000, '2024-06-26 10:53:21', '2024-06-30 23:28:14'),
(97, 'POCO', 'Poco X5', 'Poco_X5-8-256-2024_06_30_23:28:45', 'Poco_X5-8-256-1719764925_84805e2b60409783c6e6.png', '165.9 x 76.2 x 8 ', '189', 'PLASTIC BACK, PLASTIC FRAME', 'SUPER AMOLED', '107.4', '1080 x 2400', 'Android 12', 'Snapdragon 695 5G', 'OCTA-CORE', '8', '256', '48', 'TRIPLE', '1080p 30fps', '13', '1080p 30fps', 'USB Type-C 2.0', 5000, 2999000, '2024-06-26 10:53:21', '2024-06-30 23:28:45'),
(98, 'INFINIX', 'INFINIX SMART 8', 'INFINIX_SMART_8-4-128-2024_06_30_22:38:55', 'INFINIX_SMART_8-4-128-1719761935_e8ccb2a63547e91fbadf.png', '163.6 x 75.6 x 8.5', '184', 'PLASTIC BACK, PLASTIC FRAME', 'IPS', '104', '720 x 1612', 'Android 13', 'Unisoc T606', 'OCTA-CORE', '4', '128', '13', 'SINGGLE', '1080p 30fps', '8', '1080p 30fps', 'USB Type-C 2.0', 5000, 1150000, '2024-06-26 10:53:21', '2024-06-30 22:38:55'),
(99, 'INFINIX', 'INFINIX HOT 40i', 'INFINIX_HOT_40i-8-256-2024_06_30_22:43:59', 'INFINIX_HOT_40i-8-256-1719762239_1b209242943bef15d220.png', '163.6 x 75.6 x 8.3', '190', 'PLASTIC BACK, PLASTIC FRAME', 'IPS', '103.4 ', '720 x 1612', 'Android 13', 'Unisoc T606', 'OCTA-CORE', '8', '256', '50', 'SINGGLE', '1080p 30fps', '8', '1080p 30fps', 'USB Type-C 2.0', 5000, 1773000, '2024-06-26 10:53:21', '2024-06-30 22:43:59'),
(100, 'INFINIX', 'INFINIX SMART 8 HD', 'INFINIX_SMART_8_HD-4-128-2024_06_30_22:47:37', 'INFINIX_SMART_8_HD-4-128-1719762457_9b0751fa195074a7060b.png', '163.6 x 75.6 x 8.5', '184', 'PLASTIC BACK, PLASTIC FRAME', 'IPS', '104.6', '720 x 1612', 'Andorid 13', 'Unisoc T606', 'OCTA-CORE', '4', '128', '13', 'SINGGLE', '1080p 30fps', '8', '1080p 30fps', 'USB Type-C 2.0', 5000, 1350000, '2024-06-26 10:53:21', '2024-06-30 22:47:37'),
(101, 'INFINIX', 'INFINIX GT 10 PRO', 'INFINIX_GT_10_PRO-8-256-2024_06_30_22:49:50', 'INFINIX_GT_10_PRO-8-256-1719762590_eeadd0326bc87f8e0128.png', '162.7 x 75.9 x 8.1', '187', 'PLASTIC BACK, PLASTIC FRAME', 'AMOLED', '107.4', '1080 x 2400', 'Android 13', 'Mediatek Dimensity 8050', 'OCTA-CORE', '8', '256', '108', 'TRIPLE', '4k 30fps, 1080p 30/60fps', '32', '4k 30fps, 1080p 30/60fps', 'USB Type-C 2.0', 5000, 2990000, '2024-06-26 10:53:21', '2024-06-30 22:49:50'),
(102, 'INFINIX', 'INFINIX NOTE 30 PRO', 'INFINIX_NOTE_30_PRO-8-256-2024_06_30_23:00:12', 'INFINIX_NOTE_30_PRO-8-256-1719763212_f1b5dbca0299825be268.png', '162.7 x 76 x 8.2', '203', 'PLASTIC FRAME, GLASS BACK', 'AMOLED', '107.4', '1080 x 2400', 'Android 13', 'Mediatek Helio G99', 'OCTA-CORE', '8', '256', '108', 'QUAD', '1440p 30fps, 1080p 30fps', '32', '1080p 30fps', 'USB Type-C 2.0', 5000, 3125000, '2024-06-26 10:53:21', '2024-06-30 23:00:12'),
(103, 'INFINIX', 'INFINIX NOTE 30', 'INFINIX_NOTE_30-8-128-2024_06_30_23:04:28', 'INFINIX_NOTE_30-8-128-1719763468_0e7ca4452da4a3589cf9.png', '168.6 x 76.6 x 8.6', '219', 'PLASTIC FRAME, GLASS BACK', 'IPS', '109.2', '1080 x 2460', 'Android 13', 'Mediatek Helio G99', 'OCTA-CORE', '8', '128', '64', 'TRIPLE', '1440p 30fps, 1080p 30/60fps', '16', '1080p 30fps', 'USB Type-C 2.0', 5000, 2550000, '2024-06-26 10:53:21', '2024-06-30 23:04:29'),
(104, 'INFINIX', 'INFINIX HOT 30i', 'INFINIX_HOT_30i-8-128-2024_06_30_23:05:52', 'INFINIX_HOT_30i-8-128-1719763552_6781a9c101a7638ee160.png', '164 x 75.8 x 8.4', '191', ' PLASTIC FRAME, PLASTIC BACK', 'IPS', '103.4', '720 x 1612', 'Android 13', 'Unisoc T606', 'OCTA-CORE', '8', '128', '13', 'SINGGLE', '1080p 30fps', '8', '1080p 30fps', 'USB Type-C 2.0', 5000, 1660000, '2024-06-26 10:53:21', '2024-06-30 23:05:52');

-- --------------------------------------------------------

--
-- Struktur dari tabel `toko`
--

CREATE TABLE `toko` (
  `id` int(11) UNSIGNED NOT NULL,
  `nama_toko` varchar(100) NOT NULL,
  `desa` varchar(100) NOT NULL,
  `kecamatan` varchar(100) NOT NULL,
  `kota` varchar(100) NOT NULL,
  `provinsi` varchar(100) NOT NULL,
  `alamat_lengkap` text NOT NULL,
  `fb` varchar(255) NOT NULL,
  `ig` varchar(255) NOT NULL,
  `tiktok` varchar(255) NOT NULL,
  `telepon` varchar(255) NOT NULL,
  `foto` varchar(255) NOT NULL,
  `created_at` datetime DEFAULT NULL,
  `updated_at` datetime DEFAULT NULL
) ENGINE=InnoDB DEFAULT CHARSET=utf8 COLLATE=utf8_general_ci;

--
-- Dumping data untuk tabel `toko`
--

INSERT INTO `toko` (`id`, `nama_toko`, `desa`, `kecamatan`, `kota`, `provinsi`, `alamat_lengkap`, `fb`, `ig`, `tiktok`, `telepon`, `foto`, `created_at`, `updated_at`) VALUES
(1, 'MAJU MAPAN CELL', 'Sugihwaras', 'Sugihwaras', 'Bojonegoro', 'Jawa Timur', 'Jl. Raya Sugihwaras No. 90, Slawung, Sugihwaras, Kec. Sugihwaras, Kab. Bojonegoro, Jawa Timur 62183', 'https://www.facebook.com/groups/1659184890891936/?locale2=id_ID&_rdr', '', '', '6285777555758', 'majumapancell.jpg', '2024-06-12 18:06:25', '2024-06-12 18:06:25');

-- --------------------------------------------------------

--
-- Struktur dari tabel `user`
--

CREATE TABLE `user` (
  `id` int(11) UNSIGNED NOT NULL,
  `nama` varchar(100) NOT NULL,
  `username` varchar(100) NOT NULL,
  `password` varchar(100) NOT NULL,
  `created_at` datetime DEFAULT NULL,
  `updated_at` datetime DEFAULT NULL
) ENGINE=InnoDB DEFAULT CHARSET=utf8 COLLATE=utf8_general_ci;

--
-- Dumping data untuk tabel `user`
--

INSERT INTO `user` (`id`, `nama`, `username`, `password`, `created_at`, `updated_at`) VALUES
(1, 'Wahyu Nur Cahyo', 'admin123', '$2y$10$45A/hLvR1xlpZtPLICXivusUHmTxXMWfGwY.B9oKFmXPj4XLL60FK', '2024-06-12 18:06:41', '2024-06-12 18:06:41');

--
-- Indexes for dumped tables
--

--
-- Indeks untuk tabel `bobotuser`
--
ALTER TABLE `bobotuser`
  ADD PRIMARY KEY (`id`);

--
-- Indeks untuk tabel `konversi`
--
ALTER TABLE `konversi`
  ADD PRIMARY KEY (`id`);

--
-- Indeks untuk tabel `kuantitatif`
--
ALTER TABLE `kuantitatif`
  ADD PRIMARY KEY (`id`),
  ADD KEY `id_smartphone` (`id_smartphone`);

--
-- Indeks untuk tabel `migrations`
--
ALTER TABLE `migrations`
  ADD PRIMARY KEY (`id`);

--
-- Indeks untuk tabel `normalisasi`
--
ALTER TABLE `normalisasi`
  ADD PRIMARY KEY (`id`),
  ADD KEY `id_smartphone` (`id_smartphone`);

--
-- Indeks untuk tabel `smartphone`
--
ALTER TABLE `smartphone`
  ADD PRIMARY KEY (`id`);

--
-- Indeks untuk tabel `toko`
--
ALTER TABLE `toko`
  ADD PRIMARY KEY (`id`);

--
-- Indeks untuk tabel `user`
--
ALTER TABLE `user`
  ADD PRIMARY KEY (`id`);

--
-- AUTO_INCREMENT untuk tabel yang dibuang
--

--
-- AUTO_INCREMENT untuk tabel `bobotuser`
--
ALTER TABLE `bobotuser`
  MODIFY `id` int(11) UNSIGNED NOT NULL AUTO_INCREMENT, AUTO_INCREMENT=14;

--
-- AUTO_INCREMENT untuk tabel `konversi`
--
ALTER TABLE `konversi`
  MODIFY `id` int(11) UNSIGNED NOT NULL AUTO_INCREMENT, AUTO_INCREMENT=864;

--
-- AUTO_INCREMENT untuk tabel `kuantitatif`
--
ALTER TABLE `kuantitatif`
  MODIFY `id` int(11) UNSIGNED NOT NULL AUTO_INCREMENT, AUTO_INCREMENT=104;

--
-- AUTO_INCREMENT untuk tabel `migrations`
--
ALTER TABLE `migrations`
  MODIFY `id` bigint(20) UNSIGNED NOT NULL AUTO_INCREMENT, AUTO_INCREMENT=22;

--
-- AUTO_INCREMENT untuk tabel `normalisasi`
--
ALTER TABLE `normalisasi`
  MODIFY `id` int(11) UNSIGNED NOT NULL AUTO_INCREMENT, AUTO_INCREMENT=104;

--
-- AUTO_INCREMENT untuk tabel `smartphone`
--
ALTER TABLE `smartphone`
  MODIFY `id` int(11) UNSIGNED NOT NULL AUTO_INCREMENT, AUTO_INCREMENT=105;

--
-- AUTO_INCREMENT untuk tabel `toko`
--
ALTER TABLE `toko`
  MODIFY `id` int(11) UNSIGNED NOT NULL AUTO_INCREMENT, AUTO_INCREMENT=7;

--
-- AUTO_INCREMENT untuk tabel `user`
--
ALTER TABLE `user`
  MODIFY `id` int(11) UNSIGNED NOT NULL AUTO_INCREMENT, AUTO_INCREMENT=2;

--
-- Ketidakleluasaan untuk tabel pelimpahan (Dumped Tables)
--

--
-- Ketidakleluasaan untuk tabel `kuantitatif`
--
ALTER TABLE `kuantitatif`
  ADD CONSTRAINT `kuantitatif_ibfk_1` FOREIGN KEY (`id_smartphone`) REFERENCES `smartphone` (`id`) ON DELETE CASCADE ON UPDATE NO ACTION;

--
-- Ketidakleluasaan untuk tabel `normalisasi`
--
ALTER TABLE `normalisasi`
  ADD CONSTRAINT `normalisasi_ibfk_1` FOREIGN KEY (`id_smartphone`) REFERENCES `smartphone` (`id`) ON DELETE CASCADE ON UPDATE NO ACTION;
COMMIT;

/*!40101 SET CHARACTER_SET_CLIENT=@OLD_CHARACTER_SET_CLIENT */;
/*!40101 SET CHARACTER_SET_RESULTS=@OLD_CHARACTER_SET_RESULTS */;
/*!40101 SET COLLATION_CONNECTION=@OLD_COLLATION_CONNECTION */;
